model_name,rpm,CMM,CMH,mmAq,Pa,power (kW),total efficiency (%),static pressure efficiency (%),63Hz(dB / dB(A)),125Hz(dB / dB(A)),250Hz(dB / dB(A)),500Hz(dB / dB(A)),1kHz(dB / dB(A)),2kHz(dB / dB(A)),4kHz(dB / dB(A)),8kHz(dB / dB(A)),Total_dB / dB(A)
TZAF 1120 FF T2,1000,1731.6,103896.1,175.93,1724.11,63.03,84.67,78.96,100.9 / 74.9,101.9 / 85.9,100.9 / 91.9,95.9 / 92.9,91.9 / 91.9,86.9 / 87.9,81.9 / 82.9,76.9 / 75.9,106.9 / 97.9
TZAF 1120 FF T2,1001,1733.33,104000.0,176.28,1727.56,63.22,84.67,78.96,100.9 / 74.9,101.9 / 85.9,100.9 / 91.9,95.9 / 92.9,91.9 / 91.9,86.9 / 87.9,81.9 / 82.9,76.9 / 75.9,106.9 / 97.9
TZAF 1120 FF T2,1002,1735.06,104103.9,176.63,1731.01,63.4,84.67,78.96,100.9 / 74.9,101.9 / 85.9,100.9 / 91.9,95.9 / 92.9,91.9 / 91.9,86.9 / 87.9,81.9 / 82.9,76.9 / 75.9,106.9 / 97.9
TZAF 1120 FF T2,1003,1736.8,104207.79,176.99,1734.47,63.59,84.67,78.96,100.9 / 74.9,101.9 / 85.9,100.9 / 91.9,95.9 / 92.9,91.9 / 91.9,86.9 / 87.9,81.9 / 82.9,76.9 / 75.9,106.9 / 97.9
TZAF 1120 FF T2,1004,1738.53,104311.69,177.34,1737.93,63.79,84.67,78.96,101 / 75,102 / 86,101 / 92,96 / 93,92 / 92,87 / 88,82 / 83,77 / 76,107 / 98
TZAF 1120 FF T2,1005,1740.26,104415.58,177.69,1741.39,63.98,84.67,78.96,101 / 75,102 / 86,101 / 92,96 / 93,92 / 92,87 / 88,82 / 83,77 / 76,107 / 98
TZAF 1120 FF T2,1006,1741.99,104519.48,178.05,1744.86,64.17,84.67,78.96,101 / 75,102 / 86,101 / 92,96 / 93,92 / 92,87 / 88,82 / 83,77 / 76,107 / 98
TZAF 1120 FF T2,1007,1743.72,104623.38,178.4,1748.33,64.36,84.67,78.96,101 / 75,102 / 86,101 / 92,96 / 93,92 / 92,87 / 88,82 / 83,77 / 76,107 / 98
TZAF 1120 FF T2,1008,1745.45,104727.27,178.76,1751.8,64.55,84.67,78.96,101 / 75,102 / 86,101 / 92,96 / 93,92 / 92,87 / 88,82 / 83,77 / 76,107 / 98
TZAF 1120 FF T2,1009,1747.19,104831.17,179.11,1755.28,64.74,84.67,78.96,101.1 / 75.1,102.1 / 86.1,101.1 / 92.1,96.1 / 93.1,92.1 / 92.1,87.1 / 88.1,82.1 / 83.1,77.1 / 76.1,107.1 / 98.1
TZAF 1120 FF T2,1010,1748.92,104935.06,179.47,1758.76,64.94,84.67,78.96,101.1 / 75.1,102.1 / 86.1,101.1 / 92.1,96.1 / 93.1,92.1 / 92.1,87.1 / 88.1,82.1 / 83.1,77.1 / 76.1,107.1 / 98.1
TZAF 1120 FF T2,1011,1750.65,105038.96,179.82,1762.24,65.13,84.67,78.96,101.1 / 75.1,102.1 / 86.1,101.1 / 92.1,96.1 / 93.1,92.1 / 92.1,87.1 / 88.1,82.1 / 83.1,77.1 / 76.1,107.1 / 98.1
TZAF 1120 FF T2,1012,1752.38,105142.86,180.18,1765.73,65.32,84.67,78.96,101.1 / 75.1,102.1 / 86.1,101.1 / 92.1,96.1 / 93.1,92.1 / 92.1,87.1 / 88.1,82.1 / 83.1,77.1 / 76.1,107.1 / 98.1
TZAF 1120 FF T2,1013,1754.11,105246.75,180.53,1769.22,65.52,84.67,78.96,101.2 / 75.2,102.2 / 86.2,101.2 / 92.2,96.2 / 93.2,92.2 / 92.2,87.2 / 88.2,82.2 / 83.2,77.2 / 76.2,107.2 / 98.2
TZAF 1120 FF T2,1014,1755.84,105350.65,180.89,1772.72,65.71,84.67,78.96,101.2 / 75.2,102.2 / 86.2,101.2 / 92.2,96.2 / 93.2,92.2 / 92.2,87.2 / 88.2,82.2 / 83.2,77.2 / 76.2,107.2 / 98.2
TZAF 1120 FF T2,1015,1757.58,105454.55,181.25,1776.22,65.9,84.67,78.96,101.2 / 75.2,102.2 / 86.2,101.2 / 92.2,96.2 / 93.2,92.2 / 92.2,87.2 / 88.2,82.2 / 83.2,77.2 / 76.2,107.2 / 98.2
TZAF 1120 FF T2,1016,1759.31,105558.44,181.6,1779.72,66.1,84.67,78.96,101.2 / 75.2,102.2 / 86.2,101.2 / 92.2,96.2 / 93.2,92.2 / 92.2,87.2 / 88.2,82.2 / 83.2,77.2 / 76.2,107.2 / 98.2
TZAF 1120 FF T2,1017,1761.04,105662.34,181.96,1783.22,66.3,84.67,78.96,101.2 / 75.2,102.2 / 86.2,101.2 / 92.2,96.2 / 93.2,92.2 / 92.2,87.2 / 88.2,82.2 / 83.2,77.2 / 76.2,107.2 / 98.2
TZAF 1120 FF T2,1018,1762.77,105766.23,182.32,1786.73,66.49,84.67,78.96,101.3 / 75.3,102.3 / 86.3,101.3 / 92.3,96.3 / 93.3,92.3 / 92.3,87.3 / 88.3,82.3 / 83.3,77.3 / 76.3,107.3 / 98.3
TZAF 1120 FF T2,1019,1764.5,105870.13,182.68,1790.24,66.69,84.67,78.96,101.3 / 75.3,102.3 / 86.3,101.3 / 92.3,96.3 / 93.3,92.3 / 92.3,87.3 / 88.3,82.3 / 83.3,77.3 / 76.3,107.3 / 98.3
TZAF 1120 FF T2,1020,1766.23,105974.03,183.04,1793.76,66.88,84.67,78.96,101.3 / 75.3,102.3 / 86.3,101.3 / 92.3,96.3 / 93.3,92.3 / 92.3,87.3 / 88.3,82.3 / 83.3,77.3 / 76.3,107.3 / 98.3
TZAF 1120 FF T2,1021,1767.97,106077.92,183.4,1797.28,67.08,84.67,78.96,101.3 / 75.3,102.3 / 86.3,101.3 / 92.3,96.3 / 93.3,92.3 / 92.3,87.3 / 88.3,82.3 / 83.3,77.3 / 76.3,107.3 / 98.3
TZAF 1120 FF T2,1022,1769.7,106181.82,183.76,1800.8,67.28,84.67,78.96,101.3 / 75.3,102.3 / 86.3,101.3 / 92.3,96.3 / 93.3,92.3 / 92.3,87.3 / 88.3,82.3 / 83.3,77.3 / 76.3,107.3 / 98.3
TZAF 1120 FF T2,1023,1771.43,106285.71,184.11,1804.33,67.48,84.67,78.96,101.4 / 75.4,102.4 / 86.4,101.4 / 92.4,96.4 / 93.4,92.4 / 92.4,87.4 / 88.4,82.4 / 83.4,77.4 / 76.4,107.4 / 98.4
TZAF 1120 FF T2,1024,1773.16,106389.61,184.48,1807.86,67.67,84.67,78.96,101.4 / 75.4,102.4 / 86.4,101.4 / 92.4,96.4 / 93.4,92.4 / 92.4,87.4 / 88.4,82.4 / 83.4,77.4 / 76.4,107.4 / 98.4
TZAF 1120 FF T2,1025,1774.89,106493.51,184.84,1811.39,67.87,84.67,78.96,101.4 / 75.4,102.4 / 86.4,101.4 / 92.4,96.4 / 93.4,92.4 / 92.4,87.4 / 88.4,82.4 / 83.4,77.4 / 76.4,107.4 / 98.4
TZAF 1120 FF T2,1026,1776.62,106597.4,185.2,1814.92,68.07,84.67,78.96,101.4 / 75.4,102.4 / 86.4,101.4 / 92.4,96.4 / 93.4,92.4 / 92.4,87.4 / 88.4,82.4 / 83.4,77.4 / 76.4,107.4 / 98.4
TZAF 1120 FF T2,1027,1778.35,106701.3,185.56,1818.46,68.27,84.67,78.96,101.4 / 75.4,102.4 / 86.4,101.4 / 92.4,96.4 / 93.4,92.4 / 92.4,87.4 / 88.4,82.4 / 83.4,77.4 / 76.4,107.4 / 98.4
TZAF 1120 FF T2,1028,1780.09,106805.19,185.92,1822.01,68.47,84.67,78.96,101.5 / 75.5,102.5 / 86.5,101.5 / 92.5,96.5 / 93.5,92.5 / 92.5,87.5 / 88.5,82.5 / 83.5,77.5 / 76.5,107.5 / 98.5
TZAF 1120 FF T2,1029,1781.82,106909.09,186.28,1825.55,68.67,84.67,78.96,101.5 / 75.5,102.5 / 86.5,101.5 / 92.5,96.5 / 93.5,92.5 / 92.5,87.5 / 88.5,82.5 / 83.5,77.5 / 76.5,107.5 / 98.5
TZAF 1120 FF T2,1030,1783.55,107012.99,186.64,1829.1,68.87,84.67,78.96,101.5 / 75.5,102.5 / 86.5,101.5 / 92.5,96.5 / 93.5,92.5 / 92.5,87.5 / 88.5,82.5 / 83.5,77.5 / 76.5,107.5 / 98.5
TZAF 1120 FF T2,1031,1785.28,107116.88,187.01,1832.66,69.07,84.67,78.96,101.5 / 75.5,102.5 / 86.5,101.5 / 92.5,96.5 / 93.5,92.5 / 92.5,87.5 / 88.5,82.5 / 83.5,77.5 / 76.5,107.5 / 98.5
TZAF 1120 FF T2,1032,1787.01,107220.78,187.37,1836.21,69.27,84.67,78.96,101.6 / 75.6,102.6 / 86.6,101.6 / 92.6,96.6 / 93.6,92.6 / 92.6,87.6 / 88.6,82.6 / 83.6,77.6 / 76.6,107.6 / 98.6
TZAF 1120 FF T2,1033,1788.74,107324.68,187.73,1839.77,69.47,84.67,78.96,101.6 / 75.6,102.6 / 86.6,101.6 / 92.6,96.6 / 93.6,92.6 / 92.6,87.6 / 88.6,82.6 / 83.6,77.6 / 76.6,107.6 / 98.6
TZAF 1120 FF T2,1034,1790.48,107428.57,188.1,1843.34,69.68,84.67,78.96,101.6 / 75.6,102.6 / 86.6,101.6 / 92.6,96.6 / 93.6,92.6 / 92.6,87.6 / 88.6,82.6 / 83.6,77.6 / 76.6,107.6 / 98.6
TZAF 1120 FF T2,1035,1792.21,107532.47,188.46,1846.91,69.88,84.67,78.96,101.6 / 75.6,102.6 / 86.6,101.6 / 92.6,96.6 / 93.6,92.6 / 92.6,87.6 / 88.6,82.6 / 83.6,77.6 / 76.6,107.6 / 98.6
TZAF 1120 FF T2,1036,1793.94,107636.36,188.82,1850.48,70.08,84.67,78.96,101.6 / 75.6,102.6 / 86.6,101.6 / 92.6,96.6 / 93.6,92.6 / 92.6,87.6 / 88.6,82.6 / 83.6,77.6 / 76.6,107.6 / 98.6
TZAF 1120 FF T2,1037,1795.67,107740.26,189.19,1854.05,70.28,84.67,78.96,101.7 / 75.7,102.7 / 86.7,101.7 / 92.7,96.7 / 93.7,92.7 / 92.7,87.7 / 88.7,82.7 / 83.7,77.7 / 76.7,107.7 / 98.7
TZAF 1120 FF T2,1038,1797.4,107844.16,189.55,1857.63,70.49,84.67,78.96,101.7 / 75.7,102.7 / 86.7,101.7 / 92.7,96.7 / 93.7,92.7 / 92.7,87.7 / 88.7,82.7 / 83.7,77.7 / 76.7,107.7 / 98.7
TZAF 1120 FF T2,1039,1799.13,107948.05,189.92,1861.21,70.69,84.67,78.96,101.7 / 75.7,102.7 / 86.7,101.7 / 92.7,96.7 / 93.7,92.7 / 92.7,87.7 / 88.7,82.7 / 83.7,77.7 / 76.7,107.7 / 98.7
TZAF 1120 FF T2,1040,1800.87,108051.95,190.28,1864.79,70.9,84.67,78.96,101.7 / 75.7,102.7 / 86.7,101.7 / 92.7,96.7 / 93.7,92.7 / 92.7,87.7 / 88.7,82.7 / 83.7,77.7 / 76.7,107.7 / 98.7
TZAF 1120 FF T2,1041,1802.6,108155.84,190.65,1868.38,71.1,84.67,78.96,101.7 / 75.7,102.7 / 86.7,101.7 / 92.7,96.7 / 93.7,92.7 / 92.7,87.7 / 88.7,82.7 / 83.7,77.7 / 76.7,107.7 / 98.7
TZAF 1120 FF T2,1042,1804.33,108259.74,191.02,1871.97,71.31,84.67,78.96,101.8 / 75.8,102.8 / 86.8,101.8 / 92.8,96.8 / 93.8,92.8 / 92.8,87.8 / 88.8,82.8 / 83.8,77.8 / 76.8,107.8 / 98.8
TZAF 1120 FF T2,1043,1806.06,108363.64,191.38,1875.57,71.51,84.67,78.96,101.8 / 75.8,102.8 / 86.8,101.8 / 92.8,96.8 / 93.8,92.8 / 92.8,87.8 / 88.8,82.8 / 83.8,77.8 / 76.8,107.8 / 98.8
TZAF 1120 FF T2,1044,1807.79,108467.53,191.75,1879.16,71.72,84.67,78.96,101.8 / 75.8,102.8 / 86.8,101.8 / 92.8,96.8 / 93.8,92.8 / 92.8,87.8 / 88.8,82.8 / 83.8,77.8 / 76.8,107.8 / 98.8
TZAF 1120 FF T2,1045,1809.52,108571.43,192.12,1882.77,71.92,84.67,78.96,101.8 / 75.8,102.8 / 86.8,101.8 / 92.8,96.8 / 93.8,92.8 / 92.8,87.8 / 88.8,82.8 / 83.8,77.8 / 76.8,107.8 / 98.8
TZAF 1120 FF T2,1046,1811.26,108675.32,192.49,1886.37,72.13,84.67,78.96,101.8 / 75.8,102.8 / 86.8,101.8 / 92.8,96.8 / 93.8,92.8 / 92.8,87.8 / 88.8,82.8 / 83.8,77.8 / 76.8,107.8 / 98.8
TZAF 1120 FF T2,1047,1812.99,108779.22,192.86,1889.98,72.34,84.67,78.96,101.9 / 75.9,102.9 / 86.9,101.9 / 92.9,96.9 / 93.9,92.9 / 92.9,87.9 / 88.9,82.9 / 83.9,77.9 / 76.9,107.9 / 98.9
TZAF 1120 FF T2,1048,1814.72,108883.12,193.22,1893.59,72.54,84.67,78.96,101.9 / 75.9,102.9 / 86.9,101.9 / 92.9,96.9 / 93.9,92.9 / 92.9,87.9 / 88.9,82.9 / 83.9,77.9 / 76.9,107.9 / 98.9
TZAF 1120 FF T2,1049,1816.45,108987.01,193.59,1897.21,72.75,84.67,78.96,101.9 / 75.9,102.9 / 86.9,101.9 / 92.9,96.9 / 93.9,92.9 / 92.9,87.9 / 88.9,82.9 / 83.9,77.9 / 76.9,107.9 / 98.9
TZAF 1120 FF T2,1050,1818.18,109090.91,193.96,1900.83,72.96,84.67,78.96,101.9 / 75.9,102.9 / 86.9,101.9 / 92.9,96.9 / 93.9,92.9 / 92.9,87.9 / 88.9,82.9 / 83.9,77.9 / 76.9,107.9 / 98.9
TZAF 1120 FF T2,1051,1819.91,109194.81,194.33,1904.45,73.17,84.67,78.96,102 / 76,103 / 87,102 / 93,97 / 94,93 / 93,88 / 89,83 / 84,78 / 77,108 / 99
TZAF 1120 FF T2,1052,1821.65,109298.7,194.7,1908.07,73.38,84.67,78.96,102 / 76,103 / 87,102 / 93,97 / 94,93 / 93,88 / 89,83 / 84,78 / 77,108 / 99
TZAF 1120 FF T2,1053,1823.38,109402.6,195.07,1911.7,73.59,84.67,78.96,102 / 76,103 / 87,102 / 93,97 / 94,93 / 93,88 / 89,83 / 84,78 / 77,108 / 99
TZAF 1120 FF T2,1054,1825.11,109506.49,195.44,1915.34,73.8,84.67,78.96,102 / 76,103 / 87,102 / 93,97 / 94,93 / 93,88 / 89,83 / 84,78 / 77,108 / 99
TZAF 1120 FF T2,1055,1826.84,109610.39,195.81,1918.97,74.01,84.67,78.96,102 / 76,103 / 87,102 / 93,97 / 94,93 / 93,88 / 89,83 / 84,78 / 77,108 / 99
TZAF 1120 FF T2,1056,1828.57,109714.29,196.18,1922.61,74.22,84.67,78.96,102.1 / 76.1,103.1 / 87.1,102.1 / 93.1,97.1 / 94.1,93.1 / 93.1,88.1 / 89.1,83.1 / 84.1,78.1 / 77.1,108.1 / 99.1
TZAF 1120 FF T2,1057,1830.3,109818.18,196.56,1926.26,74.43,84.67,78.96,102.1 / 76.1,103.1 / 87.1,102.1 / 93.1,97.1 / 94.1,93.1 / 93.1,88.1 / 89.1,83.1 / 84.1,78.1 / 77.1,108.1 / 99.1
TZAF 1120 FF T2,1058,1832.03,109922.08,196.93,1929.9,74.64,84.67,78.96,102.1 / 76.1,103.1 / 87.1,102.1 / 93.1,97.1 / 94.1,93.1 / 93.1,88.1 / 89.1,83.1 / 84.1,78.1 / 77.1,108.1 / 99.1
TZAF 1120 FF T2,1059,1833.77,110025.97,197.3,1933.55,74.85,84.67,78.96,102.1 / 76.1,103.1 / 87.1,102.1 / 93.1,97.1 / 94.1,93.1 / 93.1,88.1 / 89.1,83.1 / 84.1,78.1 / 77.1,108.1 / 99.1
TZAF 1120 FF T2,1060,1835.5,110129.87,197.67,1937.21,75.06,84.67,78.96,102.1 / 76.1,103.1 / 87.1,102.1 / 93.1,97.1 / 94.1,93.1 / 93.1,88.1 / 89.1,83.1 / 84.1,78.1 / 77.1,108.1 / 99.1
TZAF 1120 FF T2,1061,1837.23,110233.77,198.05,1940.86,75.28,84.67,78.96,102.2 / 76.2,103.2 / 87.2,102.2 / 93.2,97.2 / 94.2,93.2 / 93.2,88.2 / 89.2,83.2 / 84.2,78.2 / 77.2,108.2 / 99.2
TZAF 1120 FF T2,1062,1838.96,110337.66,198.42,1944.52,75.49,84.67,78.96,102.2 / 76.2,103.2 / 87.2,102.2 / 93.2,97.2 / 94.2,93.2 / 93.2,88.2 / 89.2,83.2 / 84.2,78.2 / 77.2,108.2 / 99.2
TZAF 1120 FF T2,1063,1840.69,110441.56,198.79,1948.19,75.7,84.67,78.96,102.2 / 76.2,103.2 / 87.2,102.2 / 93.2,97.2 / 94.2,93.2 / 93.2,88.2 / 89.2,83.2 / 84.2,78.2 / 77.2,108.2 / 99.2
TZAF 1120 FF T2,1064,1842.42,110545.45,199.17,1951.85,75.92,84.67,78.96,102.2 / 76.2,103.2 / 87.2,102.2 / 93.2,97.2 / 94.2,93.2 / 93.2,88.2 / 89.2,83.2 / 84.2,78.2 / 77.2,108.2 / 99.2
TZAF 1120 FF T2,1065,1844.16,110649.35,199.54,1955.52,76.13,84.67,78.96,102.2 / 76.2,103.2 / 87.2,102.2 / 93.2,97.2 / 94.2,93.2 / 93.2,88.2 / 89.2,83.2 / 84.2,78.2 / 77.2,108.2 / 99.2
TZAF 1120 FF T2,1066,1845.89,110753.25,199.92,1959.2,76.35,84.67,78.96,102.3 / 76.3,103.3 / 87.3,102.3 / 93.3,97.3 / 94.3,93.3 / 93.3,88.3 / 89.3,83.3 / 84.3,78.3 / 77.3,108.3 / 99.3
TZAF 1120 FF T2,1067,1847.62,110857.14,200.29,1962.88,76.56,84.67,78.96,102.3 / 76.3,103.3 / 87.3,102.3 / 93.3,97.3 / 94.3,93.3 / 93.3,88.3 / 89.3,83.3 / 84.3,78.3 / 77.3,108.3 / 99.3
TZAF 1120 FF T2,1068,1849.35,110961.04,200.67,1966.56,76.78,84.67,78.96,102.3 / 76.3,103.3 / 87.3,102.3 / 93.3,97.3 / 94.3,93.3 / 93.3,88.3 / 89.3,83.3 / 84.3,78.3 / 77.3,108.3 / 99.3
TZAF 1120 FF T2,1069,1851.08,111064.94,201.04,1970.24,76.99,84.67,78.96,102.3 / 76.3,103.3 / 87.3,102.3 / 93.3,97.3 / 94.3,93.3 / 93.3,88.3 / 89.3,83.3 / 84.3,78.3 / 77.3,108.3 / 99.3
TZAF 1120 FF T2,1070,1852.81,111168.83,201.42,1973.93,77.21,84.67,78.96,102.3 / 76.3,103.3 / 87.3,102.3 / 93.3,97.3 / 94.3,93.3 / 93.3,88.3 / 89.3,83.3 / 84.3,78.3 / 77.3,108.3 / 99.3
TZAF 1120 FF T2,1071,1854.55,111272.73,201.8,1977.62,77.43,84.67,78.96,102.4 / 76.4,103.4 / 87.4,102.4 / 93.4,97.4 / 94.4,93.4 / 93.4,88.4 / 89.4,83.4 / 84.4,78.4 / 77.4,108.4 / 99.4
TZAF 1120 FF T2,1072,1856.28,111376.62,202.17,1981.31,77.64,84.67,78.96,102.4 / 76.4,103.4 / 87.4,102.4 / 93.4,97.4 / 94.4,93.4 / 93.4,88.4 / 89.4,83.4 / 84.4,78.4 / 77.4,108.4 / 99.4
TZAF 1120 FF T2,1073,1858.01,111480.52,202.55,1985.01,77.86,84.67,78.96,102.4 / 76.4,103.4 / 87.4,102.4 / 93.4,97.4 / 94.4,93.4 / 93.4,88.4 / 89.4,83.4 / 84.4,78.4 / 77.4,108.4 / 99.4
TZAF 1120 FF T2,1074,1859.74,111584.42,202.93,1988.71,78.08,84.67,78.96,102.4 / 76.4,103.4 / 87.4,102.4 / 93.4,97.4 / 94.4,93.4 / 93.4,88.4 / 89.4,83.4 / 84.4,78.4 / 77.4,108.4 / 99.4
TZAF 1120 FF T2,1075,1861.47,111688.31,203.31,1992.42,78.3,84.67,78.96,102.4 / 76.4,103.4 / 87.4,102.4 / 93.4,97.4 / 94.4,93.4 / 93.4,88.4 / 89.4,83.4 / 84.4,78.4 / 77.4,108.4 / 99.4
TZAF 1120 FF T2,1076,1863.2,111792.21,203.69,1996.13,78.52,84.67,78.96,102.5 / 76.5,103.5 / 87.5,102.5 / 93.5,97.5 / 94.5,93.5 / 93.5,88.5 / 89.5,83.5 / 84.5,78.5 / 77.5,108.5 / 99.5
TZAF 1120 FF T2,1077,1864.94,111896.1,204.07,1999.84,78.73,84.67,78.96,102.5 / 76.5,103.5 / 87.5,102.5 / 93.5,97.5 / 94.5,93.5 / 93.5,88.5 / 89.5,83.5 / 84.5,78.5 / 77.5,108.5 / 99.5
TZAF 1120 FF T2,1078,1866.67,112000.0,204.44,2003.56,78.95,84.67,78.96,102.5 / 76.5,103.5 / 87.5,102.5 / 93.5,97.5 / 94.5,93.5 / 93.5,88.5 / 89.5,83.5 / 84.5,78.5 / 77.5,108.5 / 99.5
TZAF 1120 FF T2,1079,1868.4,112103.9,204.82,2007.27,79.17,84.67,78.96,102.5 / 76.5,103.5 / 87.5,102.5 / 93.5,97.5 / 94.5,93.5 / 93.5,88.5 / 89.5,83.5 / 84.5,78.5 / 77.5,108.5 / 99.5
TZAF 1120 FF T2,1080,1870.13,112207.79,205.2,2011.0,79.39,84.67,78.96,102.5 / 76.5,103.5 / 87.5,102.5 / 93.5,97.5 / 94.5,93.5 / 93.5,88.5 / 89.5,83.5 / 84.5,78.5 / 77.5,108.5 / 99.5
TZAF 1120 FF T2,1081,1871.86,112311.69,205.58,2014.72,79.62,84.67,78.96,102.6 / 76.6,103.6 / 87.6,102.6 / 93.6,97.6 / 94.6,93.6 / 93.6,88.6 / 89.6,83.6 / 84.6,78.6 / 77.6,108.6 / 99.6
TZAF 1120 FF T2,1082,1873.59,112415.58,205.96,2018.45,79.84,84.67,78.96,102.6 / 76.6,103.6 / 87.6,102.6 / 93.6,97.6 / 94.6,93.6 / 93.6,88.6 / 89.6,83.6 / 84.6,78.6 / 77.6,108.6 / 99.6
TZAF 1120 FF T2,1083,1875.32,112519.48,206.35,2022.18,80.06,84.67,78.96,102.6 / 76.6,103.6 / 87.6,102.6 / 93.6,97.6 / 94.6,93.6 / 93.6,88.6 / 89.6,83.6 / 84.6,78.6 / 77.6,108.6 / 99.6
TZAF 1120 FF T2,1084,1877.06,112623.38,206.73,2025.92,80.28,84.67,78.96,102.6 / 76.6,103.6 / 87.6,102.6 / 93.6,97.6 / 94.6,93.6 / 93.6,88.6 / 89.6,83.6 / 84.6,78.6 / 77.6,108.6 / 99.6
TZAF 1120 FF T2,1085,1878.79,112727.27,207.11,2029.66,80.5,84.67,78.96,102.6 / 76.6,103.6 / 87.6,102.6 / 93.6,97.6 / 94.6,93.6 / 93.6,88.6 / 89.6,83.6 / 84.6,78.6 / 77.6,108.6 / 99.6
TZAF 1120 FF T2,1086,1880.52,112831.17,207.49,2033.4,80.72,84.67,78.96,102.7 / 76.7,103.7 / 87.7,102.7 / 93.7,97.7 / 94.7,93.7 / 93.7,88.7 / 89.7,83.7 / 84.7,78.7 / 77.7,108.7 / 99.7
TZAF 1120 FF T2,1087,1882.25,112935.06,207.87,2037.15,80.95,84.67,78.96,102.7 / 76.7,103.7 / 87.7,102.7 / 93.7,97.7 / 94.7,93.7 / 93.7,88.7 / 89.7,83.7 / 84.7,78.7 / 77.7,108.7 / 99.7
TZAF 1120 FF T2,1088,1883.98,113038.96,208.26,2040.9,81.17,84.67,78.96,102.7 / 76.7,103.7 / 87.7,102.7 / 93.7,97.7 / 94.7,93.7 / 93.7,88.7 / 89.7,83.7 / 84.7,78.7 / 77.7,108.7 / 99.7
TZAF 1120 FF T2,1089,1885.71,113142.86,208.64,2044.65,81.4,84.67,78.96,102.7 / 76.7,103.7 / 87.7,102.7 / 93.7,97.7 / 94.7,93.7 / 93.7,88.7 / 89.7,83.7 / 84.7,78.7 / 77.7,108.7 / 99.7
TZAF 1120 FF T2,1090,1887.45,113246.75,209.02,2048.41,81.62,84.67,78.96,102.7 / 76.7,103.7 / 87.7,102.7 / 93.7,97.7 / 94.7,93.7 / 93.7,88.7 / 89.7,83.7 / 84.7,78.7 / 77.7,108.7 / 99.7
TZAF 1120 FF T2,1091,1889.18,113350.65,209.41,2052.17,81.85,84.67,78.96,102.8 / 76.8,103.8 / 87.8,102.8 / 93.8,97.8 / 94.8,93.8 / 93.8,88.8 / 89.8,83.8 / 84.8,78.8 / 77.8,108.8 / 99.8
TZAF 1120 FF T2,1092,1890.91,113454.55,209.79,2055.93,82.07,84.67,78.96,102.8 / 76.8,103.8 / 87.8,102.8 / 93.8,97.8 / 94.8,93.8 / 93.8,88.8 / 89.8,83.8 / 84.8,78.8 / 77.8,108.8 / 99.8
TZAF 1120 FF T2,1093,1892.64,113558.44,210.17,2059.7,82.3,84.67,78.96,102.8 / 76.8,103.8 / 87.8,102.8 / 93.8,97.8 / 94.8,93.8 / 93.8,88.8 / 89.8,83.8 / 84.8,78.8 / 77.8,108.8 / 99.8
TZAF 1120 FF T2,1094,1894.37,113662.34,210.56,2063.47,82.52,84.67,78.96,102.8 / 76.8,103.8 / 87.8,102.8 / 93.8,97.8 / 94.8,93.8 / 93.8,88.8 / 89.8,83.8 / 84.8,78.8 / 77.8,108.8 / 99.8
TZAF 1120 FF T2,1095,1896.1,113766.23,210.94,2067.25,82.75,84.67,78.96,102.8 / 76.8,103.8 / 87.8,102.8 / 93.8,97.8 / 94.8,93.8 / 93.8,88.8 / 89.8,83.8 / 84.8,78.8 / 77.8,108.8 / 99.8
TZAF 1120 FF T2,1096,1897.84,113870.13,211.33,2071.02,82.98,84.67,78.96,102.9 / 76.9,103.9 / 87.9,102.9 / 93.9,97.9 / 94.9,93.9 / 93.9,88.9 / 89.9,83.9 / 84.9,78.9 / 77.9,108.9 / 99.9
TZAF 1120 FF T2,1097,1899.57,113974.03,211.71,2074.8,83.2,84.67,78.96,102.9 / 76.9,103.9 / 87.9,102.9 / 93.9,97.9 / 94.9,93.9 / 93.9,88.9 / 89.9,83.9 / 84.9,78.9 / 77.9,108.9 / 99.9
TZAF 1120 FF T2,1098,1901.3,114077.92,212.1,2078.59,83.43,84.67,78.96,102.9 / 76.9,103.9 / 87.9,102.9 / 93.9,97.9 / 94.9,93.9 / 93.9,88.9 / 89.9,83.9 / 84.9,78.9 / 77.9,108.9 / 99.9
TZAF 1120 FF T2,1099,1903.03,114181.82,212.49,2082.38,83.66,84.67,78.96,102.9 / 76.9,103.9 / 87.9,102.9 / 93.9,97.9 / 94.9,93.9 / 93.9,88.9 / 89.9,83.9 / 84.9,78.9 / 77.9,108.9 / 99.9
TZAF 1120 FF T2,1100,1904.76,114285.71,212.87,2086.17,83.89,84.67,78.96,102.9 / 76.9,103.9 / 87.9,102.9 / 93.9,97.9 / 94.9,93.9 / 93.9,88.9 / 89.9,83.9 / 84.9,78.9 / 77.9,108.9 / 99.9
TZAF 1120 FF T2,1101,1906.49,114389.61,213.26,2089.96,84.12,84.67,78.96,103 / 77,104 / 88,103 / 94,98 / 95,94 / 94,89 / 90,84 / 85,79 / 78,109 / 100
TZAF 1120 FF T2,1102,1908.23,114493.51,213.65,2093.76,84.35,84.67,78.96,103 / 77,104 / 88,103 / 94,98 / 95,94 / 94,89 / 90,84 / 85,79 / 78,109 / 100
TZAF 1120 FF T2,1103,1909.96,114597.4,214.04,2097.56,84.58,84.67,78.96,103 / 77,104 / 88,103 / 94,98 / 95,94 / 94,89 / 90,84 / 85,79 / 78,109 / 100
TZAF 1120 FF T2,1104,1911.69,114701.3,214.43,2101.37,84.81,84.67,78.96,103 / 77,104 / 88,103 / 94,98 / 95,94 / 94,89 / 90,84 / 85,79 / 78,109 / 100
TZAF 1120 FF T2,1105,1913.42,114805.19,214.81,2105.18,85.04,84.67,78.96,103 / 77,104 / 88,103 / 94,98 / 95,94 / 94,89 / 90,84 / 85,79 / 78,109 / 100
TZAF 1120 FF T2,1106,1915.15,114909.09,215.2,2108.99,85.27,84.67,78.96,103.1 / 77.1,104.1 / 88.1,103.1 / 94.1,98.1 / 95.1,94.1 / 94.1,89.1 / 90.1,84.1 / 85.1,79.1 / 78.1,109.1 / 100.1
TZAF 1120 FF T2,1107,1916.88,115012.99,215.59,2112.8,85.5,84.67,78.96,103.1 / 77.1,104.1 / 88.1,103.1 / 94.1,98.1 / 95.1,94.1 / 94.1,89.1 / 90.1,84.1 / 85.1,79.1 / 78.1,109.1 / 100.1
TZAF 1120 FF T2,1108,1918.61,115116.88,215.98,2116.62,85.73,84.67,78.96,103.1 / 77.1,104.1 / 88.1,103.1 / 94.1,98.1 / 95.1,94.1 / 94.1,89.1 / 90.1,84.1 / 85.1,79.1 / 78.1,109.1 / 100.1
TZAF 1120 FF T2,1109,1920.35,115220.78,216.37,2120.44,85.96,84.67,78.96,103.1 / 77.1,104.1 / 88.1,103.1 / 94.1,98.1 / 95.1,94.1 / 94.1,89.1 / 90.1,84.1 / 85.1,79.1 / 78.1,109.1 / 100.1
TZAF 1120 FF T2,1110,1922.08,115324.68,216.76,2124.27,86.2,84.67,78.96,103.1 / 77.1,104.1 / 88.1,103.1 / 94.1,98.1 / 95.1,94.1 / 94.1,89.1 / 90.1,84.1 / 85.1,79.1 / 78.1,109.1 / 100.1
TZAF 1120 FF T2,1111,1923.81,115428.57,217.15,2128.1,86.43,84.67,78.96,103.2 / 77.2,104.2 / 88.2,103.2 / 94.2,98.2 / 95.2,94.2 / 94.2,89.2 / 90.2,84.2 / 85.2,79.2 / 78.2,109.2 / 100.2
TZAF 1120 FF T2,1112,1925.54,115532.47,217.54,2131.93,86.66,84.67,78.96,103.2 / 77.2,104.2 / 88.2,103.2 / 94.2,98.2 / 95.2,94.2 / 94.2,89.2 / 90.2,84.2 / 85.2,79.2 / 78.2,109.2 / 100.2
TZAF 1120 FF T2,1113,1927.27,115636.36,217.94,2135.77,86.9,84.67,78.96,103.2 / 77.2,104.2 / 88.2,103.2 / 94.2,98.2 / 95.2,94.2 / 94.2,89.2 / 90.2,84.2 / 85.2,79.2 / 78.2,109.2 / 100.2
TZAF 1120 FF T2,1114,1929.0,115740.26,218.33,2139.61,87.13,84.67,78.96,103.2 / 77.2,104.2 / 88.2,103.2 / 94.2,98.2 / 95.2,94.2 / 94.2,89.2 / 90.2,84.2 / 85.2,79.2 / 78.2,109.2 / 100.2
TZAF 1120 FF T2,1115,1930.74,115844.16,218.72,2143.45,87.37,84.67,78.96,103.2 / 77.2,104.2 / 88.2,103.2 / 94.2,98.2 / 95.2,94.2 / 94.2,89.2 / 90.2,84.2 / 85.2,79.2 / 78.2,109.2 / 100.2
TZAF 1120 FF T2,1116,1932.47,115948.05,219.11,2147.3,87.6,84.67,78.96,103.3 / 77.3,104.3 / 88.3,103.3 / 94.3,98.3 / 95.3,94.3 / 94.3,89.3 / 90.3,84.3 / 85.3,79.3 / 78.3,109.3 / 100.3
TZAF 1120 FF T2,1117,1934.2,116051.95,219.5,2151.15,87.84,84.67,78.96,103.3 / 77.3,104.3 / 88.3,103.3 / 94.3,98.3 / 95.3,94.3 / 94.3,89.3 / 90.3,84.3 / 85.3,79.3 / 78.3,109.3 / 100.3
TZAF 1120 FF T2,1118,1935.93,116155.84,219.9,2155.0,88.07,84.67,78.96,103.3 / 77.3,104.3 / 88.3,103.3 / 94.3,98.3 / 95.3,94.3 / 94.3,89.3 / 90.3,84.3 / 85.3,79.3 / 78.3,109.3 / 100.3
TZAF 1120 FF T2,1119,1937.66,116259.74,220.29,2158.86,88.31,84.67,78.96,103.3 / 77.3,104.3 / 88.3,103.3 / 94.3,98.3 / 95.3,94.3 / 94.3,89.3 / 90.3,84.3 / 85.3,79.3 / 78.3,109.3 / 100.3
TZAF 1120 FF T2,1120,1939.39,116363.64,220.69,2162.72,88.55,84.67,78.96,103.3 / 77.3,104.3 / 88.3,103.3 / 94.3,98.3 / 95.3,94.3 / 94.3,89.3 / 90.3,84.3 / 85.3,79.3 / 78.3,109.3 / 100.3
TZAF 1120 FF T2,1121,1941.13,116467.53,221.08,2166.58,88.78,84.67,78.96,103.4 / 77.4,104.4 / 88.4,103.4 / 94.4,98.4 / 95.4,94.4 / 94.4,89.4 / 90.4,84.4 / 85.4,79.4 / 78.4,109.4 / 100.4
TZAF 1120 FF T2,1122,1942.86,116571.43,221.47,2170.45,89.02,84.67,78.96,103.4 / 77.4,104.4 / 88.4,103.4 / 94.4,98.4 / 95.4,94.4 / 94.4,89.4 / 90.4,84.4 / 85.4,79.4 / 78.4,109.4 / 100.4
TZAF 1120 FF T2,1123,1944.59,116675.32,221.87,2174.32,89.26,84.67,78.96,103.4 / 77.4,104.4 / 88.4,103.4 / 94.4,98.4 / 95.4,94.4 / 94.4,89.4 / 90.4,84.4 / 85.4,79.4 / 78.4,109.4 / 100.4
TZAF 1120 FF T2,1124,1946.32,116779.22,222.26,2178.19,89.5,84.67,78.96,103.4 / 77.4,104.4 / 88.4,103.4 / 94.4,98.4 / 95.4,94.4 / 94.4,89.4 / 90.4,84.4 / 85.4,79.4 / 78.4,109.4 / 100.4
TZAF 1120 FF T2,1125,1948.05,116883.12,222.66,2182.07,89.74,84.67,78.96,103.4 / 77.4,104.4 / 88.4,103.4 / 94.4,98.4 / 95.4,94.4 / 94.4,89.4 / 90.4,84.4 / 85.4,79.4 / 78.4,109.4 / 100.4
TZAF 1120 FF T2,1126,1949.78,116987.01,223.06,2185.95,89.98,84.67,78.96,103.4 / 77.4,104.4 / 88.4,103.4 / 94.4,98.4 / 95.4,94.4 / 94.4,89.4 / 90.4,84.4 / 85.4,79.4 / 78.4,109.4 / 100.4
TZAF 1120 FF T2,1127,1951.52,117090.91,223.45,2189.84,90.22,84.67,78.96,103.5 / 77.5,104.5 / 88.5,103.5 / 94.5,98.5 / 95.5,94.5 / 94.5,89.5 / 90.5,84.5 / 85.5,79.5 / 78.5,109.5 / 100.5
TZAF 1120 FF T2,1128,1953.25,117194.81,223.85,2193.72,90.46,84.67,78.96,103.5 / 77.5,104.5 / 88.5,103.5 / 94.5,98.5 / 95.5,94.5 / 94.5,89.5 / 90.5,84.5 / 85.5,79.5 / 78.5,109.5 / 100.5
TZAF 1120 FF T2,1129,1954.98,117298.7,224.25,2197.62,90.7,84.67,78.96,103.5 / 77.5,104.5 / 88.5,103.5 / 94.5,98.5 / 95.5,94.5 / 94.5,89.5 / 90.5,84.5 / 85.5,79.5 / 78.5,109.5 / 100.5
TZAF 1120 FF T2,1130,1956.71,117402.6,224.64,2201.51,90.94,84.67,78.96,103.5 / 77.5,104.5 / 88.5,103.5 / 94.5,98.5 / 95.5,94.5 / 94.5,89.5 / 90.5,84.5 / 85.5,79.5 / 78.5,109.5 / 100.5
TZAF 1120 FF T2,1131,1958.44,117506.49,225.04,2205.41,91.18,84.67,78.96,103.5 / 77.5,104.5 / 88.5,103.5 / 94.5,98.5 / 95.5,94.5 / 94.5,89.5 / 90.5,84.5 / 85.5,79.5 / 78.5,109.5 / 100.5
TZAF 1120 FF T2,1132,1960.17,117610.39,225.44,2209.31,91.42,84.67,78.96,103.6 / 77.6,104.6 / 88.6,103.6 / 94.6,98.6 / 95.6,94.6 / 94.6,89.6 / 90.6,84.6 / 85.6,79.6 / 78.6,109.6 / 100.6
TZAF 1120 FF T2,1133,1961.9,117714.29,225.84,2213.22,91.67,84.67,78.96,103.6 / 77.6,104.6 / 88.6,103.6 / 94.6,98.6 / 95.6,94.6 / 94.6,89.6 / 90.6,84.6 / 85.6,79.6 / 78.6,109.6 / 100.6
TZAF 1120 FF T2,1134,1963.64,117818.18,226.24,2217.12,91.91,84.67,78.96,103.6 / 77.6,104.6 / 88.6,103.6 / 94.6,98.6 / 95.6,94.6 / 94.6,89.6 / 90.6,84.6 / 85.6,79.6 / 78.6,109.6 / 100.6
TZAF 1120 FF T2,1135,1965.37,117922.08,226.64,2221.04,92.15,84.67,78.96,103.6 / 77.6,104.6 / 88.6,103.6 / 94.6,98.6 / 95.6,94.6 / 94.6,89.6 / 90.6,84.6 / 85.6,79.6 / 78.6,109.6 / 100.6
TZAF 1120 FF T2,1136,1967.1,118025.97,227.04,2224.95,92.4,84.67,78.96,103.6 / 77.6,104.6 / 88.6,103.6 / 94.6,98.6 / 95.6,94.6 / 94.6,89.6 / 90.6,84.6 / 85.6,79.6 / 78.6,109.6 / 100.6
TZAF 1120 FF T2,1137,1968.83,118129.87,227.44,2228.87,92.64,84.67,78.96,103.7 / 77.7,104.7 / 88.7,103.7 / 94.7,98.7 / 95.7,94.7 / 94.7,89.7 / 90.7,84.7 / 85.7,79.7 / 78.7,109.7 / 100.7
TZAF 1120 FF T2,1138,1970.56,118233.77,227.84,2232.79,92.88,84.67,78.96,103.7 / 77.7,104.7 / 88.7,103.7 / 94.7,98.7 / 95.7,94.7 / 94.7,89.7 / 90.7,84.7 / 85.7,79.7 / 78.7,109.7 / 100.7
TZAF 1120 FF T2,1139,1972.29,118337.66,228.24,2236.72,93.13,84.67,78.96,103.7 / 77.7,104.7 / 88.7,103.7 / 94.7,98.7 / 95.7,94.7 / 94.7,89.7 / 90.7,84.7 / 85.7,79.7 / 78.7,109.7 / 100.7
TZAF 1120 FF T2,1140,1974.03,118441.56,228.64,2240.65,93.38,84.67,78.96,103.7 / 77.7,104.7 / 88.7,103.7 / 94.7,98.7 / 95.7,94.7 / 94.7,89.7 / 90.7,84.7 / 85.7,79.7 / 78.7,109.7 / 100.7
TZAF 1120 FF T2,1141,1975.76,118545.45,229.04,2244.58,93.62,84.67,78.96,103.7 / 77.7,104.7 / 88.7,103.7 / 94.7,98.7 / 95.7,94.7 / 94.7,89.7 / 90.7,84.7 / 85.7,79.7 / 78.7,109.7 / 100.7
TZAF 1120 FF T2,1142,1977.49,118649.35,229.44,2248.52,93.87,84.67,78.96,103.8 / 77.8,104.8 / 88.8,103.8 / 94.8,98.8 / 95.8,94.8 / 94.8,89.8 / 90.8,84.8 / 85.8,79.8 / 78.8,109.8 / 100.8
TZAF 1120 FF T2,1143,1979.22,118753.25,229.84,2252.46,94.11,84.67,78.96,103.8 / 77.8,104.8 / 88.8,103.8 / 94.8,98.8 / 95.8,94.8 / 94.8,89.8 / 90.8,84.8 / 85.8,79.8 / 78.8,109.8 / 100.8
TZAF 1120 FF T2,1144,1980.95,118857.14,230.24,2256.4,94.36,84.67,78.96,103.8 / 77.8,104.8 / 88.8,103.8 / 94.8,98.8 / 95.8,94.8 / 94.8,89.8 / 90.8,84.8 / 85.8,79.8 / 78.8,109.8 / 100.8
TZAF 1120 FF T2,1145,1982.68,118961.04,230.65,2260.35,94.61,84.67,78.96,103.8 / 77.8,104.8 / 88.8,103.8 / 94.8,98.8 / 95.8,94.8 / 94.8,89.8 / 90.8,84.8 / 85.8,79.8 / 78.8,109.8 / 100.8
TZAF 1120 FF T2,1146,1984.42,119064.94,231.05,2264.3,94.86,84.67,78.96,103.8 / 77.8,104.8 / 88.8,103.8 / 94.8,98.8 / 95.8,94.8 / 94.8,89.8 / 90.8,84.8 / 85.8,79.8 / 78.8,109.8 / 100.8
TZAF 1120 FF T2,1147,1986.15,119168.83,231.45,2268.25,95.11,84.67,78.96,103.8 / 77.8,104.8 / 88.8,103.8 / 94.8,98.8 / 95.8,94.8 / 94.8,89.8 / 90.8,84.8 / 85.8,79.8 / 78.8,109.8 / 100.8
TZAF 1120 FF T2,1148,1987.88,119272.73,231.86,2272.21,95.36,84.67,78.96,103.9 / 77.9,104.9 / 88.9,103.9 / 94.9,98.9 / 95.9,94.9 / 94.9,89.9 / 90.9,84.9 / 85.9,79.9 / 78.9,109.9 / 100.9
TZAF 1120 FF T2,1149,1989.61,119376.62,232.26,2276.17,95.6,84.67,78.96,103.9 / 77.9,104.9 / 88.9,103.9 / 94.9,98.9 / 95.9,94.9 / 94.9,89.9 / 90.9,84.9 / 85.9,79.9 / 78.9,109.9 / 100.9
TZAF 1120 FF T2,1150,1991.34,119480.52,232.67,2280.13,95.85,84.67,78.96,103.9 / 77.9,104.9 / 88.9,103.9 / 94.9,98.9 / 95.9,94.9 / 94.9,89.9 / 90.9,84.9 / 85.9,79.9 / 78.9,109.9 / 100.9
TZAF 1120 FF T2,1151,1993.07,119584.42,233.07,2284.1,96.1,84.67,78.96,103.9 / 77.9,104.9 / 88.9,103.9 / 94.9,98.9 / 95.9,94.9 / 94.9,89.9 / 90.9,84.9 / 85.9,79.9 / 78.9,109.9 / 100.9
TZAF 1120 FF T2,1152,1994.81,119688.31,233.48,2288.07,96.36,84.67,78.96,103.9 / 77.9,104.9 / 88.9,103.9 / 94.9,98.9 / 95.9,94.9 / 94.9,89.9 / 90.9,84.9 / 85.9,79.9 / 78.9,109.9 / 100.9
TZAF 1120 FF T2,1153,1996.54,119792.21,233.88,2292.04,96.61,84.67,78.96,104 / 78,105 / 89,104 / 95,99 / 96,95 / 95,90 / 91,85 / 86,80 / 79,110 / 101
TZAF 1120 FF T2,1154,1998.27,119896.1,234.29,2296.02,96.86,84.67,78.96,104 / 78,105 / 89,104 / 95,99 / 96,95 / 95,90 / 91,85 / 86,80 / 79,110 / 101
TZAF 1120 FF T2,1155,2000.0,120000.0,234.69,2300.0,97.11,84.67,78.96,104 / 78,105 / 89,104 / 95,99 / 96,95 / 95,90 / 91,85 / 86,80 / 79,110 / 101
TZAF 1120 FF T2,1156,2001.73,120103.9,235.1,2303.98,97.36,84.67,78.96,104 / 78,105 / 89,104 / 95,99 / 96,95 / 95,90 / 91,85 / 86,80 / 79,110 / 101
TZAF 1120 FF T2,1157,2003.46,120207.79,235.51,2307.97,97.62,84.67,78.96,104 / 78,105 / 89,104 / 95,99 / 96,95 / 95,90 / 91,85 / 86,80 / 79,110 / 101
TZAF 1120 FF T2,1158,2005.19,120311.69,235.91,2311.96,97.87,84.67,78.96,104.1 / 78.1,105.1 / 89.1,104.1 / 95.1,99.1 / 96.1,95.1 / 95.1,90.1 / 91.1,85.1 / 86.1,80.1 / 79.1,110.1 / 101.1
TZAF 1120 FF T2,1159,2006.93,120415.58,236.32,2315.96,98.12,84.67,78.96,104.1 / 78.1,105.1 / 89.1,104.1 / 95.1,99.1 / 96.1,95.1 / 95.1,90.1 / 91.1,85.1 / 86.1,80.1 / 79.1,110.1 / 101.1
TZAF 1120 FF T2,1160,2008.66,120519.48,236.73,2319.96,98.38,84.67,78.96,104.1 / 78.1,105.1 / 89.1,104.1 / 95.1,99.1 / 96.1,95.1 / 95.1,90.1 / 91.1,85.1 / 86.1,80.1 / 79.1,110.1 / 101.1
TZAF 1120 FF T2,1161,2010.39,120623.38,237.14,2323.96,98.63,84.67,78.96,104.1 / 78.1,105.1 / 89.1,104.1 / 95.1,99.1 / 96.1,95.1 / 95.1,90.1 / 91.1,85.1 / 86.1,80.1 / 79.1,110.1 / 101.1
TZAF 1120 FF T2,1162,2012.12,120727.27,237.55,2327.96,98.89,84.67,78.96,104.1 / 78.1,105.1 / 89.1,104.1 / 95.1,99.1 / 96.1,95.1 / 95.1,90.1 / 91.1,85.1 / 86.1,80.1 / 79.1,110.1 / 101.1
TZAF 1120 FF T2,1163,2013.85,120831.17,237.96,2331.97,99.14,84.67,78.96,104.1 / 78.1,105.1 / 89.1,104.1 / 95.1,99.1 / 96.1,95.1 / 95.1,90.1 / 91.1,85.1 / 86.1,80.1 / 79.1,110.1 / 101.1
TZAF 1120 FF T2,1164,2015.58,120935.06,238.37,2335.98,99.4,84.67,78.96,104.2 / 78.2,105.2 / 89.2,104.2 / 95.2,99.2 / 96.2,95.2 / 95.2,90.2 / 91.2,85.2 / 86.2,80.2 / 79.2,110.2 / 101.2
TZAF 1120 FF T2,1165,2017.32,121038.96,238.78,2340.0,99.65,84.67,78.96,104.2 / 78.2,105.2 / 89.2,104.2 / 95.2,99.2 / 96.2,95.2 / 95.2,90.2 / 91.2,85.2 / 86.2,80.2 / 79.2,110.2 / 101.2
TZAF 1120 FF T2,1166,2019.05,121142.86,239.19,2344.02,99.91,84.67,78.96,104.2 / 78.2,105.2 / 89.2,104.2 / 95.2,99.2 / 96.2,95.2 / 95.2,90.2 / 91.2,85.2 / 86.2,80.2 / 79.2,110.2 / 101.2
TZAF 1120 FF T2,1167,2020.78,121246.75,239.6,2348.04,100.17,84.67,78.96,104.2 / 78.2,105.2 / 89.2,104.2 / 95.2,99.2 / 96.2,95.2 / 95.2,90.2 / 91.2,85.2 / 86.2,80.2 / 79.2,110.2 / 101.2
TZAF 1120 FF T2,1168,2022.51,121350.65,240.01,2352.07,100.43,84.67,78.96,104.2 / 78.2,105.2 / 89.2,104.2 / 95.2,99.2 / 96.2,95.2 / 95.2,90.2 / 91.2,85.2 / 86.2,80.2 / 79.2,110.2 / 101.2
TZAF 1120 FF T2,1169,2024.24,121454.55,240.42,2356.1,100.68,84.67,78.96,104.3 / 78.3,105.3 / 89.3,104.3 / 95.3,99.3 / 96.3,95.3 / 95.3,90.3 / 91.3,85.3 / 86.3,80.3 / 79.3,110.3 / 101.3
TZAF 1120 FF T2,1170,2025.97,121558.44,240.83,2360.13,100.94,84.67,78.96,104.3 / 78.3,105.3 / 89.3,104.3 / 95.3,99.3 / 96.3,95.3 / 95.3,90.3 / 91.3,85.3 / 86.3,80.3 / 79.3,110.3 / 101.3
TZAF 1120 FF T2,1171,2027.71,121662.34,241.24,2364.16,101.2,84.67,78.96,104.3 / 78.3,105.3 / 89.3,104.3 / 95.3,99.3 / 96.3,95.3 / 95.3,90.3 / 91.3,85.3 / 86.3,80.3 / 79.3,110.3 / 101.3
TZAF 1120 FF T2,1172,2029.44,121766.23,241.65,2368.2,101.46,84.67,78.96,104.3 / 78.3,105.3 / 89.3,104.3 / 95.3,99.3 / 96.3,95.3 / 95.3,90.3 / 91.3,85.3 / 86.3,80.3 / 79.3,110.3 / 101.3
TZAF 1120 FF T2,1173,2031.17,121870.13,242.07,2372.25,101.72,84.67,78.96,104.3 / 78.3,105.3 / 89.3,104.3 / 95.3,99.3 / 96.3,95.3 / 95.3,90.3 / 91.3,85.3 / 86.3,80.3 / 79.3,110.3 / 101.3
TZAF 1120 FF T2,1174,2032.9,121974.03,242.48,2376.29,101.98,84.67,78.96,104.4 / 78.4,105.4 / 89.4,104.4 / 95.4,99.4 / 96.4,95.4 / 95.4,90.4 / 91.4,85.4 / 86.4,80.4 / 79.4,110.4 / 101.4
TZAF 1120 FF T2,1175,2034.63,122077.92,242.89,2380.34,102.24,84.67,78.96,104.4 / 78.4,105.4 / 89.4,104.4 / 95.4,99.4 / 96.4,95.4 / 95.4,90.4 / 91.4,85.4 / 86.4,80.4 / 79.4,110.4 / 101.4
TZAF 1120 FF T2,1176,2036.36,122181.82,243.31,2384.4,102.5,84.67,78.96,104.4 / 78.4,105.4 / 89.4,104.4 / 95.4,99.4 / 96.4,95.4 / 95.4,90.4 / 91.4,85.4 / 86.4,80.4 / 79.4,110.4 / 101.4
TZAF 1120 FF T2,1177,2038.1,122285.71,243.72,2388.45,102.77,84.67,78.96,104.4 / 78.4,105.4 / 89.4,104.4 / 95.4,99.4 / 96.4,95.4 / 95.4,90.4 / 91.4,85.4 / 86.4,80.4 / 79.4,110.4 / 101.4
TZAF 1120 FF T2,1178,2039.83,122389.61,244.13,2392.51,103.03,84.67,78.96,104.4 / 78.4,105.4 / 89.4,104.4 / 95.4,99.4 / 96.4,95.4 / 95.4,90.4 / 91.4,85.4 / 86.4,80.4 / 79.4,110.4 / 101.4
TZAF 1120 FF T2,1179,2041.56,122493.51,244.55,2396.58,103.29,84.67,78.96,104.4 / 78.4,105.4 / 89.4,104.4 / 95.4,99.4 / 96.4,95.4 / 95.4,90.4 / 91.4,85.4 / 86.4,80.4 / 79.4,110.4 / 101.4
TZAF 1120 FF T2,1180,2043.29,122597.4,244.96,2400.64,103.55,84.67,78.96,104.5 / 78.5,105.5 / 89.5,104.5 / 95.5,99.5 / 96.5,95.5 / 95.5,90.5 / 91.5,85.5 / 86.5,80.5 / 79.5,110.5 / 101.5
TZAF 1120 FF T2,1181,2045.02,122701.3,245.38,2404.72,103.82,84.67,78.96,104.5 / 78.5,105.5 / 89.5,104.5 / 95.5,99.5 / 96.5,95.5 / 95.5,90.5 / 91.5,85.5 / 86.5,80.5 / 79.5,110.5 / 101.5
TZAF 1120 FF T2,1182,2046.75,122805.19,245.79,2408.79,104.08,84.67,78.96,104.5 / 78.5,105.5 / 89.5,104.5 / 95.5,99.5 / 96.5,95.5 / 95.5,90.5 / 91.5,85.5 / 86.5,80.5 / 79.5,110.5 / 101.5
TZAF 1120 FF T2,1183,2048.48,122909.09,246.21,2412.87,104.35,84.67,78.96,104.5 / 78.5,105.5 / 89.5,104.5 / 95.5,99.5 / 96.5,95.5 / 95.5,90.5 / 91.5,85.5 / 86.5,80.5 / 79.5,110.5 / 101.5
TZAF 1120 FF T2,1184,2050.22,123012.99,246.63,2416.95,104.61,84.67,78.96,104.5 / 78.5,105.5 / 89.5,104.5 / 95.5,99.5 / 96.5,95.5 / 95.5,90.5 / 91.5,85.5 / 86.5,80.5 / 79.5,110.5 / 101.5
TZAF 1120 FF T2,1185,2051.95,123116.88,247.04,2421.03,104.88,84.67,78.96,104.6 / 78.6,105.6 / 89.6,104.6 / 95.6,99.6 / 96.6,95.6 / 95.6,90.6 / 91.6,85.6 / 86.6,80.6 / 79.6,110.6 / 101.6
TZAF 1120 FF T2,1186,2053.68,123220.78,247.46,2425.12,105.14,84.67,78.96,104.6 / 78.6,105.6 / 89.6,104.6 / 95.6,99.6 / 96.6,95.6 / 95.6,90.6 / 91.6,85.6 / 86.6,80.6 / 79.6,110.6 / 101.6
TZAF 1120 FF T2,1187,2055.41,123324.68,247.88,2429.21,105.41,84.67,78.96,104.6 / 78.6,105.6 / 89.6,104.6 / 95.6,99.6 / 96.6,95.6 / 95.6,90.6 / 91.6,85.6 / 86.6,80.6 / 79.6,110.6 / 101.6
TZAF 1120 FF T2,1188,2057.14,123428.57,248.3,2433.31,105.67,84.67,78.96,104.6 / 78.6,105.6 / 89.6,104.6 / 95.6,99.6 / 96.6,95.6 / 95.6,90.6 / 91.6,85.6 / 86.6,80.6 / 79.6,110.6 / 101.6
TZAF 1120 FF T2,1189,2058.87,123532.47,248.71,2437.4,105.94,84.67,78.96,104.6 / 78.6,105.6 / 89.6,104.6 / 95.6,99.6 / 96.6,95.6 / 95.6,90.6 / 91.6,85.6 / 86.6,80.6 / 79.6,110.6 / 101.6
TZAF 1120 FF T2,1190,2060.61,123636.36,249.13,2441.51,106.21,84.67,78.96,104.6 / 78.6,105.6 / 89.6,104.6 / 95.6,99.6 / 96.6,95.6 / 95.6,90.6 / 91.6,85.6 / 86.6,80.6 / 79.6,110.6 / 101.6
TZAF 1120 FF T2,1191,2062.34,123740.26,249.55,2445.61,106.48,84.67,78.96,104.7 / 78.7,105.7 / 89.7,104.7 / 95.7,99.7 / 96.7,95.7 / 95.7,90.7 / 91.7,85.7 / 86.7,80.7 / 79.7,110.7 / 101.7
TZAF 1120 FF T2,1192,2064.07,123844.16,249.97,2449.72,106.74,84.67,78.96,104.7 / 78.7,105.7 / 89.7,104.7 / 95.7,99.7 / 96.7,95.7 / 95.7,90.7 / 91.7,85.7 / 86.7,80.7 / 79.7,110.7 / 101.7
TZAF 1120 FF T2,1193,2065.8,123948.05,250.39,2453.83,107.01,84.67,78.96,104.7 / 78.7,105.7 / 89.7,104.7 / 95.7,99.7 / 96.7,95.7 / 95.7,90.7 / 91.7,85.7 / 86.7,80.7 / 79.7,110.7 / 101.7
TZAF 1120 FF T2,1194,2067.53,124051.95,250.81,2457.95,107.28,84.67,78.96,104.7 / 78.7,105.7 / 89.7,104.7 / 95.7,99.7 / 96.7,95.7 / 95.7,90.7 / 91.7,85.7 / 86.7,80.7 / 79.7,110.7 / 101.7
TZAF 1120 FF T2,1195,2069.26,124155.84,251.23,2462.07,107.55,84.67,78.96,104.7 / 78.7,105.7 / 89.7,104.7 / 95.7,99.7 / 96.7,95.7 / 95.7,90.7 / 91.7,85.7 / 86.7,80.7 / 79.7,110.7 / 101.7
TZAF 1120 FF T2,1196,2071.0,124259.74,251.65,2466.19,107.82,84.67,78.96,104.8 / 78.8,105.8 / 89.8,104.8 / 95.8,99.8 / 96.8,95.8 / 95.8,90.8 / 91.8,85.8 / 86.8,80.8 / 79.8,110.8 / 101.8
TZAF 1120 FF T2,1197,2072.73,124363.64,252.07,2470.31,108.09,84.67,78.96,104.8 / 78.8,105.8 / 89.8,104.8 / 95.8,99.8 / 96.8,95.8 / 95.8,90.8 / 91.8,85.8 / 86.8,80.8 / 79.8,110.8 / 101.8
TZAF 1120 FF T2,1198,2074.46,124467.53,252.49,2474.44,108.36,84.67,78.96,104.8 / 78.8,105.8 / 89.8,104.8 / 95.8,99.8 / 96.8,95.8 / 95.8,90.8 / 91.8,85.8 / 86.8,80.8 / 79.8,110.8 / 101.8
TZAF 1120 FF T2,1199,2076.19,124571.43,252.92,2478.58,108.64,84.67,78.96,104.8 / 78.8,105.8 / 89.8,104.8 / 95.8,99.8 / 96.8,95.8 / 95.8,90.8 / 91.8,85.8 / 86.8,80.8 / 79.8,110.8 / 101.8
TZAF 1120 FF T2,1200,2077.92,124675.32,253.34,2482.71,108.91,84.67,78.96,104.8 / 78.8,105.8 / 89.8,104.8 / 95.8,99.8 / 96.8,95.8 / 95.8,90.8 / 91.8,85.8 / 86.8,80.8 / 79.8,110.8 / 101.8
TZAF 1120 FF T2,1201,2079.65,124779.22,253.76,2486.85,109.18,84.67,78.96,104.8 / 78.8,105.8 / 89.8,104.8 / 95.8,99.8 / 96.8,95.8 / 95.8,90.8 / 91.8,85.8 / 86.8,80.8 / 79.8,110.8 / 101.8
TZAF 1120 FF T2,1202,2081.39,124883.12,254.18,2490.99,109.45,84.67,78.96,104.9 / 78.9,105.9 / 89.9,104.9 / 95.9,99.9 / 96.9,95.9 / 95.9,90.9 / 91.9,85.9 / 86.9,80.9 / 79.9,110.9 / 101.9
TZAF 1120 FF T2,1203,2083.12,124987.01,254.61,2495.14,109.73,84.67,78.96,104.9 / 78.9,105.9 / 89.9,104.9 / 95.9,99.9 / 96.9,95.9 / 95.9,90.9 / 91.9,85.9 / 86.9,80.9 / 79.9,110.9 / 101.9
TZAF 1120 FF T2,1204,2084.85,125090.91,255.03,2499.29,110.0,84.67,78.96,104.9 / 78.9,105.9 / 89.9,104.9 / 95.9,99.9 / 96.9,95.9 / 95.9,90.9 / 91.9,85.9 / 86.9,80.9 / 79.9,110.9 / 101.9
TZAF 1120 FF T2,1205,2086.58,125194.81,255.45,2503.44,110.28,84.67,78.96,104.9 / 78.9,105.9 / 89.9,104.9 / 95.9,99.9 / 96.9,95.9 / 95.9,90.9 / 91.9,85.9 / 86.9,80.9 / 79.9,110.9 / 101.9
TZAF 1120 FF T2,1206,2088.31,125298.7,255.88,2507.6,110.55,84.67,78.96,104.9 / 78.9,105.9 / 89.9,104.9 / 95.9,99.9 / 96.9,95.9 / 95.9,90.9 / 91.9,85.9 / 86.9,80.9 / 79.9,110.9 / 101.9
TZAF 1120 FF T2,1207,2090.04,125402.6,256.3,2511.76,110.83,84.67,78.96,105 / 79,106 / 90,105 / 96,100 / 97,96 / 96,91 / 92,86 / 87,81 / 80,111 / 102
TZAF 1120 FF T2,1208,2091.77,125506.49,256.73,2515.93,111.1,84.67,78.96,105 / 79,106 / 90,105 / 96,100 / 97,96 / 96,91 / 92,86 / 87,81 / 80,111 / 102
TZAF 1120 FF T2,1209,2093.51,125610.39,257.15,2520.09,111.38,84.67,78.96,105 / 79,106 / 90,105 / 96,100 / 97,96 / 96,91 / 92,86 / 87,81 / 80,111 / 102
TZAF 1120 FF T2,1210,2095.24,125714.29,257.58,2524.26,111.65,84.67,78.96,105 / 79,106 / 90,105 / 96,100 / 97,96 / 96,91 / 92,86 / 87,81 / 80,111 / 102
TZAF 1120 FF T2,1211,2096.97,125818.18,258.0,2528.44,111.93,84.67,78.96,105 / 79,106 / 90,105 / 96,100 / 97,96 / 96,91 / 92,86 / 87,81 / 80,111 / 102
TZAF 1120 FF T2,1212,2098.7,125922.08,258.43,2532.61,112.21,84.67,78.96,105 / 79,106 / 90,105 / 96,100 / 97,96 / 96,91 / 92,86 / 87,81 / 80,111 / 102
TZAF 1120 FF T2,1213,2100.43,126025.97,258.86,2536.8,112.49,84.67,78.96,105.1 / 79.1,106.1 / 90.1,105.1 / 96.1,100.1 / 97.1,96.1 / 96.1,91.1 / 92.1,86.1 / 87.1,81.1 / 80.1,111.1 / 102.1
TZAF 1120 FF T2,1214,2102.16,126129.87,259.28,2540.98,112.76,84.67,78.96,105.1 / 79.1,106.1 / 90.1,105.1 / 96.1,100.1 / 97.1,96.1 / 96.1,91.1 / 92.1,86.1 / 87.1,81.1 / 80.1,111.1 / 102.1
TZAF 1120 FF T2,1215,2103.9,126233.77,259.71,2545.17,113.04,84.67,78.96,105.1 / 79.1,106.1 / 90.1,105.1 / 96.1,100.1 / 97.1,96.1 / 96.1,91.1 / 92.1,86.1 / 87.1,81.1 / 80.1,111.1 / 102.1
TZAF 1120 FF T2,1216,2105.63,126337.66,260.14,2549.36,113.32,84.67,78.96,105.1 / 79.1,106.1 / 90.1,105.1 / 96.1,100.1 / 97.1,96.1 / 96.1,91.1 / 92.1,86.1 / 87.1,81.1 / 80.1,111.1 / 102.1
TZAF 1120 FF T2,1217,2107.36,126441.56,260.57,2553.55,113.6,84.67,78.96,105.1 / 79.1,106.1 / 90.1,105.1 / 96.1,100.1 / 97.1,96.1 / 96.1,91.1 / 92.1,86.1 / 87.1,81.1 / 80.1,111.1 / 102.1
TZAF 1120 FF T2,1218,2109.09,126545.45,261.0,2557.75,113.88,84.67,78.96,105.2 / 79.2,106.2 / 90.2,105.2 / 96.2,100.2 / 97.2,96.2 / 96.2,91.2 / 92.2,86.2 / 87.2,81.2 / 80.2,111.2 / 102.2
TZAF 1120 FF T2,1219,2110.82,126649.35,261.42,2561.95,114.16,84.67,78.96,105.2 / 79.2,106.2 / 90.2,105.2 / 96.2,100.2 / 97.2,96.2 / 96.2,91.2 / 92.2,86.2 / 87.2,81.2 / 80.2,111.2 / 102.2
TZAF 1120 FF T2,1220,2112.55,126753.25,261.85,2566.16,114.45,84.67,78.96,105.2 / 79.2,106.2 / 90.2,105.2 / 96.2,100.2 / 97.2,96.2 / 96.2,91.2 / 92.2,86.2 / 87.2,81.2 / 80.2,111.2 / 102.2
TZAF 1120 FF T2,1221,2114.29,126857.14,262.28,2570.37,114.73,84.67,78.96,105.2 / 79.2,106.2 / 90.2,105.2 / 96.2,100.2 / 97.2,96.2 / 96.2,91.2 / 92.2,86.2 / 87.2,81.2 / 80.2,111.2 / 102.2
TZAF 1120 FF T2,1222,2116.02,126961.04,262.71,2574.58,115.01,84.67,78.96,105.2 / 79.2,106.2 / 90.2,105.2 / 96.2,100.2 / 97.2,96.2 / 96.2,91.2 / 92.2,86.2 / 87.2,81.2 / 80.2,111.2 / 102.2
TZAF 1120 FF T2,1223,2117.75,127064.94,263.14,2578.79,115.29,84.67,78.96,105.2 / 79.2,106.2 / 90.2,105.2 / 96.2,100.2 / 97.2,96.2 / 96.2,91.2 / 92.2,86.2 / 87.2,81.2 / 80.2,111.2 / 102.2
TZAF 1120 FF T2,1224,2119.48,127168.83,263.57,2583.01,115.57,84.67,78.96,105.3 / 79.3,106.3 / 90.3,105.3 / 96.3,100.3 / 97.3,96.3 / 96.3,91.3 / 92.3,86.3 / 87.3,81.3 / 80.3,111.3 / 102.3
TZAF 1120 FF T2,1225,2121.21,127272.73,264.0,2587.24,115.86,84.67,78.96,105.3 / 79.3,106.3 / 90.3,105.3 / 96.3,100.3 / 97.3,96.3 / 96.3,91.3 / 92.3,86.3 / 87.3,81.3 / 80.3,111.3 / 102.3
