model_name,rpm,CMH,Pa,Area 1(CMH),Area 1(Pa),Area 2(CMH),Area 2(Pa),power (kW),total efficiency (%),static pressure efficiency (%),63Hz(dB / dB(A)),125Hz(dB / dB(A)),250Hz(dB / dB(A)),500Hz(dB / dB(A)),1kHz(dB / dB(A)),2kHz(dB / dB(A)),4kHz(dB / dB(A)),8kHz(dB / dB(A)),Total_dB / dB(A)
TZAF 1120 FF T2,0,0,0,0.0,0.0,0.0,0.0,0.0,0.0,0.0,0 / 0,0 / 0,0 / 0,0 / 0,0 / 0,0 / 0,0 / 0,0 / 0,0 / 0
TZAF 1120 FF T2,0,0,0,0.0,0.0,0.0,0.0,0.0,0.0,0.0,0 / 0,0 / 0,0 / 0,0 / 0,0 / 0,0 / 0,0 / 0,0 / 0,0 / 0
TZAF 1120 FF T2,0,0,0,0.0,0.0,0.0,0.0,0.0,0.0,0.0,0 / 0,0 / 0,0 / 0,0 / 0,0 / 0,0 / 0,0 / 0,0 / 0,0 / 0
TZAF 1120 FF T2,0,0,0,0.0,0.0,0.0,0.0,0.0,0.0,0.0,0 / 0,0 / 0,0 / 0,0 / 0,0 / 0,0 / 0,0 / 0,0 / 0,0 / 0
TZAF 1120 FF T2,0,0,0,0.0,0.0,0.0,0.0,0.0,0.0,0.0,0 / 0,0 / 0,0 / 0,0 / 0,0 / 0,0 / 0,0 / 0,0 / 0,0 / 0
TZAF 1120 FF T2,0,0,0,0.0,0.0,0.0,0.0,0.0,0.0,0.0,0 / 0,0 / 0,0 / 0,0 / 0,0 / 0,0 / 0,0 / 0,0 / 0,0 / 0
TZAF 1120 FF T2,0,0,0,0.0,0.0,0.0,0.0,0.0,0.0,0.0,0 / 0,0 / 0,0 / 0,0 / 0,0 / 0,0 / 0,0 / 0,0 / 0,0 / 0
TZAF 1120 FF T2,0,0,0,0.0,0.0,0.0,0.0,0.0,0.0,0.0,0 / 0,0 / 0,0 / 0,0 / 0,0 / 0,0 / 0,0 / 0,0 / 0,0 / 0
TZAF 1120 FF T2,0,0,0,0.0,0.0,0.0,0.0,0.0,0.0,0.0,0 / 0,0 / 0,0 / 0,0 / 0,0 / 0,0 / 0,0 / 0,0 / 0,0 / 0
TZAF 1120 FF T2,0,0,0,0.0,0.0,0.0,0.0,0.0,0.0,0.0,0 / 0,0 / 0,0 / 0,0 / 0,0 / 0,0 / 0,0 / 0,0 / 0,0 / 0
TZAF 1120 FF T2,50,5195,4,4642.857142857143,4.761904761904762,6818.181818181819,3.3057851239669422,0.01,84.67,78.96,Oct-36,37 / 21,36 / 27,31 / 28,27 / 27,22 / 23,17 / 18,12월 11일,42 / 33
TZAF 1120 FF T2,50,5330,4,4642.857142857143,4.761904761904762,6818.181818181819,3.3057851239669422,0.01,84.67,78.96,Oct-36,37 / 21,36 / 27,31 / 28,27 / 27,22 / 23,17 / 18,11월 13일,42 / 33
TZAF 1120 FF T2,50,5476,4,4642.857142857143,4.761904761904762,6818.181818181819,3.3057851239669422,0.01,84.67,78.96,Oct-36,37 / 21,36 / 27,31 / 28,27 / 27,22 / 23,17 / 18,11월 14일,42 / 33
TZAF 1120 FF T2,50,5635,4,4642.857142857143,4.761904761904762,6818.181818181819,3.3057851239669422,0.01,84.67,78.96,Oct-36,37 / 21,36 / 27,31 / 28,27 / 27,22 / 23,17 / 18,11월 15일,42 / 33
TZAF 1120 FF T2,50,5808,3,4642.857142857143,4.761904761904762,6818.181818181819,3.3057851239669422,0.01,84.67,78.96,Oct-36,37 / 21,36 / 27,31 / 28,27 / 27,22 / 23,17 / 18,11월 16일,42 / 33
TZAF 1120 FF T2,50,5998,3,4642.857142857143,4.761904761904762,6818.181818181819,3.3057851239669422,0.01,84.67,78.96,Oct-36,37 / 21,36 / 27,31 / 28,27 / 27,22 / 23,17 / 18,11월 17일,42 / 33
TZAF 1120 FF T2,50,6209,3,4642.857142857143,4.761904761904762,6818.181818181819,3.3057851239669422,0.01,84.67,78.96,Oct-36,37 / 21,36 / 27,31 / 28,27 / 27,22 / 23,17 / 18,11월 18일,42 / 33
TZAF 1120 FF T2,50,6443,3,4642.857142857143,4.761904761904762,6818.181818181819,3.3057851239669422,0.01,84.67,78.96,Oct-36,37 / 21,36 / 27,31 / 28,27 / 27,22 / 23,17 / 18,11월 19일,42 / 33
TZAF 1120 FF T2,50,6706,3,4642.857142857143,4.761904761904762,6818.181818181819,3.3057851239669422,0.01,84.67,78.96,Oct-36,37 / 21,36 / 27,31 / 28,27 / 27,22 / 23,17 / 18,11월 20일,42 / 33
TZAF 1120 FF T2,50,7005,2,4642.857142857143,4.761904761904762,6818.181818181819,3.3057851239669422,0.01,84.67,78.96,Oct-36,37 / 21,36 / 27,31 / 28,27 / 27,22 / 23,17 / 18,11월 21일,42 / 33
TZAF 1120 FF T2,100,10390,17,9285.714285714286,19.047619047619047,13636.363636363638,13.223140495867769,0.06,84.67,78.96,51 / 25,52 / 36,51 / 42,46 / 43,42 / 42,37 / 38,32 / 33,27 / 26,57 / 48
TZAF 1120 FF T2,100,10660,16,9285.714285714286,19.047619047619047,13636.363636363638,13.223140495867769,0.06,84.67,78.96,51 / 25,52 / 36,51 / 42,46 / 43,42 / 42,37 / 38,32 / 33,27 / 26,57 / 48
TZAF 1120 FF T2,100,10952,16,9285.714285714286,19.047619047619047,13636.363636363638,13.223140495867769,0.06,84.67,78.96,51 / 25,52 / 36,51 / 42,46 / 43,42 / 42,37 / 38,32 / 33,27 / 26,57 / 48
TZAF 1120 FF T2,100,11269,15,9285.714285714286,19.047619047619047,13636.363636363638,13.223140495867769,0.06,84.67,78.96,51 / 25,52 / 36,51 / 42,46 / 43,42 / 42,37 / 38,32 / 33,27 / 26,57 / 48
TZAF 1120 FF T2,100,11616,14,9285.714285714286,19.047619047619047,13636.363636363638,13.223140495867769,0.06,84.67,78.96,51 / 25,52 / 36,51 / 42,46 / 43,42 / 42,37 / 38,32 / 33,27 / 26,57 / 48
TZAF 1120 FF T2,100,11997,13,9285.714285714286,19.047619047619047,13636.363636363638,13.223140495867769,0.05,84.67,78.96,51 / 25,52 / 36,51 / 42,46 / 43,42 / 42,37 / 38,32 / 33,27 / 26,57 / 48
TZAF 1120 FF T2,100,12418,12,9285.714285714286,19.047619047619047,13636.363636363638,13.223140495867769,0.05,84.67,78.96,51 / 25,52 / 36,51 / 42,46 / 43,42 / 42,37 / 38,32 / 33,27 / 26,57 / 48
TZAF 1120 FF T2,100,12887,11,9285.714285714286,19.047619047619047,13636.363636363638,13.223140495867769,0.05,84.67,78.96,51 / 25,52 / 36,51 / 42,46 / 43,42 / 42,37 / 38,32 / 33,27 / 26,57 / 48
TZAF 1120 FF T2,100,13413,10,9285.714285714286,19.047619047619047,13636.363636363638,13.223140495867769,0.05,84.67,78.96,51 / 25,52 / 36,51 / 42,46 / 43,42 / 42,37 / 38,32 / 33,27 / 26,57 / 48
TZAF 1120 FF T2,100,14009,9,9285.714285714286,19.047619047619047,13636.363636363638,13.223140495867769,0.05,84.67,78.96,51 / 25,52 / 36,51 / 42,46 / 43,42 / 42,37 / 38,32 / 33,27 / 26,57 / 48
TZAF 1120 FF T2,150,15584,39,13928.57142857143,42.857142857142854,20454.545454545456,29.752066115702483,0.21,84.67,78.96,60 / 34,61 / 45,60 / 51,55 / 52,51 / 51,46 / 47,41 / 42,36 / 35,66 / 57
TZAF 1120 FF T2,150,15989,37,13928.57142857143,42.857142857142854,20454.545454545456,29.752066115702483,0.21,84.67,78.96,60 / 34,61 / 45,60 / 51,55 / 52,51 / 51,46 / 47,41 / 42,36 / 35,66 / 57
TZAF 1120 FF T2,150,16427,35,13928.57142857143,42.857142857142854,20454.545454545456,29.752066115702483,0.2,84.67,78.96,60 / 34,61 / 45,60 / 51,55 / 52,51 / 51,46 / 47,41 / 42,36 / 35,66 / 57
TZAF 1120 FF T2,150,16904,33,13928.57142857143,42.857142857142854,20454.545454545456,29.752066115702483,0.2,84.67,78.96,60 / 34,61 / 45,60 / 51,55 / 52,51 / 51,46 / 47,41 / 42,36 / 35,66 / 57
TZAF 1120 FF T2,150,17424,31,13928.57142857143,42.857142857142854,20454.545454545456,29.752066115702483,0.19,84.67,78.96,60 / 34,61 / 45,60 / 51,55 / 52,51 / 51,46 / 47,41 / 42,36 / 35,66 / 57
TZAF 1120 FF T2,150,17995,29,13928.57142857143,42.857142857142854,20454.545454545456,29.752066115702483,0.18,84.67,78.96,60 / 34,61 / 45,60 / 51,55 / 52,51 / 51,46 / 47,41 / 42,36 / 35,66 / 57
TZAF 1120 FF T2,150,18627,27,13928.57142857143,42.857142857142854,20454.545454545456,29.752066115702483,0.18,84.67,78.96,60 / 34,61 / 45,60 / 51,55 / 52,51 / 51,46 / 47,41 / 42,36 / 35,66 / 57
TZAF 1120 FF T2,150,19330,25,13928.57142857143,42.857142857142854,20454.545454545456,29.752066115702483,0.17,84.67,78.96,60 / 34,61 / 45,60 / 51,55 / 52,51 / 51,46 / 47,41 / 42,36 / 35,66 / 57
TZAF 1120 FF T2,150,20119,23,13928.57142857143,42.857142857142854,20454.545454545456,29.752066115702483,0.16,84.67,78.96,60 / 34,61 / 45,60 / 51,55 / 52,51 / 51,46 / 47,41 / 42,36 / 35,66 / 57
TZAF 1120 FF T2,150,21014,21,13928.57142857143,42.857142857142854,20454.545454545456,29.752066115702483,0.16,84.67,78.96,60 / 34,61 / 45,60 / 51,55 / 52,51 / 51,46 / 47,41 / 42,36 / 35,66 / 57
TZAF 1120 FF T2,200,20779,69,18571.428571428572,76.19047619047619,27272.727272727276,52.892561983471076,0.5,84.67,78.96,66 / 40,67 / 51,66 / 57,61 / 58,57 / 57,52 / 53,47 / 48,42 / 41,72 / 63
TZAF 1120 FF T2,200,21319,66,18571.428571428572,76.19047619047619,27272.727272727276,52.892561983471076,0.49,84.67,78.96,66 / 40,67 / 51,66 / 57,61 / 58,57 / 57,52 / 53,47 / 48,42 / 41,72 / 63
TZAF 1120 FF T2,200,21903,62,18571.428571428572,76.19047619047619,27272.727272727276,52.892561983471076,0.48,84.67,78.96,66 / 40,67 / 51,66 / 57,61 / 58,57 / 57,52 / 53,47 / 48,42 / 41,72 / 63
TZAF 1120 FF T2,200,22538,59,18571.428571428572,76.19047619047619,27272.727272727276,52.892561983471076,0.46,84.67,78.96,66 / 40,67 / 51,66 / 57,61 / 58,57 / 57,52 / 53,47 / 48,42 / 41,72 / 63
TZAF 1120 FF T2,200,23232,55,18571.428571428572,76.19047619047619,27272.727272727276,52.892561983471076,0.45,84.67,78.96,66 / 40,67 / 51,66 / 57,61 / 58,57 / 57,52 / 53,47 / 48,42 / 41,72 / 63
TZAF 1120 FF T2,200,23994,52,18571.428571428572,76.19047619047619,27272.727272727276,52.892561983471076,0.44,84.67,78.96,66 / 40,67 / 51,66 / 57,61 / 58,57 / 57,52 / 53,47 / 48,42 / 41,72 / 63
TZAF 1120 FF T2,200,24836,48,18571.428571428572,76.19047619047619,27272.727272727276,52.892561983471076,0.42,84.67,78.96,66 / 40,67 / 51,66 / 57,61 / 58,57 / 57,52 / 53,47 / 48,42 / 41,72 / 63
TZAF 1120 FF T2,200,25773,45,18571.428571428572,76.19047619047619,27272.727272727276,52.892561983471076,0.41,84.67,78.96,66 / 40,67 / 51,66 / 57,61 / 58,57 / 57,52 / 53,47 / 48,42 / 41,72 / 63
TZAF 1120 FF T2,200,26826,41,18571.428571428572,76.19047619047619,27272.727272727276,52.892561983471076,0.39,84.67,78.96,66 / 40,67 / 51,66 / 57,61 / 58,57 / 57,52 / 53,47 / 48,42 / 41,72 / 63
TZAF 1120 FF T2,200,28019,38,18571.428571428572,76.19047619047619,27272.727272727276,52.892561983471076,0.37,84.67,78.96,66 / 40,67 / 51,66 / 57,61 / 58,57 / 57,52 / 53,47 / 48,42 / 41,72 / 63
TZAF 1120 FF T2,250,25974,108,23214.285714285714,119.04761904761905,34090.909090909096,82.64462809917356,0.98,84.67,78.96,71 / 45,72 / 56,71 / 62,66 / 63,62 / 62,57 / 58,52 / 53,47 / 46,77 / 68
TZAF 1120 FF T2,250,26649,102,23214.285714285714,119.04761904761905,34090.909090909096,82.64462809917356,0.96,84.67,78.96,71 / 45,72 / 56,71 / 62,66 / 63,62 / 62,57 / 58,52 / 53,47 / 46,77 / 68
TZAF 1120 FF T2,250,27379,97,23214.285714285714,119.04761904761905,34090.909090909096,82.64462809917356,0.93,84.67,78.96,71 / 45,72 / 56,71 / 62,66 / 63,62 / 62,57 / 58,52 / 53,47 / 46,77 / 68
TZAF 1120 FF T2,250,28173,92,23214.285714285714,119.04761904761905,34090.909090909096,82.64462809917356,0.91,84.67,78.96,71 / 45,72 / 56,71 / 62,66 / 63,62 / 62,57 / 58,52 / 53,47 / 46,77 / 68
TZAF 1120 FF T2,250,29040,86,23214.285714285714,119.04761904761905,34090.909090909096,82.64462809917356,0.88,84.67,78.96,71 / 45,72 / 56,71 / 62,66 / 63,62 / 62,57 / 58,52 / 53,47 / 46,77 / 68
TZAF 1120 FF T2,250,29992,81,23214.285714285714,119.04761904761905,34090.909090909096,82.64462809917356,0.85,84.67,78.96,71 / 45,72 / 56,71 / 62,66 / 63,62 / 62,57 / 58,52 / 53,47 / 46,77 / 68
TZAF 1120 FF T2,250,31045,75,23214.285714285714,119.04761904761905,34090.909090909096,82.64462809917356,0.82,84.67,78.96,71 / 45,72 / 56,71 / 62,66 / 63,62 / 62,57 / 58,52 / 53,47 / 46,77 / 68
TZAF 1120 FF T2,250,32217,70,23214.285714285714,119.04761904761905,34090.909090909096,82.64462809917356,0.79,84.67,78.96,71 / 45,72 / 56,71 / 62,66 / 63,62 / 62,57 / 58,52 / 53,47 / 46,77 / 68
TZAF 1120 FF T2,250,33532,65,23214.285714285714,119.04761904761905,34090.909090909096,82.64462809917356,0.76,84.67,78.96,71 / 45,72 / 56,71 / 62,66 / 63,62 / 62,57 / 58,52 / 53,47 / 46,77 / 68
TZAF 1120 FF T2,250,35023,59,23214.285714285714,119.04761904761905,34090.909090909096,82.64462809917356,0.73,84.67,78.96,71 / 45,72 / 56,71 / 62,66 / 63,62 / 62,57 / 58,52 / 53,47 / 46,77 / 68
TZAF 1120 FF T2,300,31169,155,27857.14285714286,171.42857142857142,40909.09090909091,119.00826446280993,1.7,84.67,78.96,75 / 49,76 / 60,75 / 66,70 / 67,66 / 66,61 / 62,56 / 57,51 / 50,81 / 72
TZAF 1120 FF T2,300,31979,147,27857.14285714286,171.42857142857142,40909.09090909091,119.00826446280993,1.66,84.67,78.96,75 / 49,76 / 60,75 / 66,70 / 67,66 / 66,61 / 62,56 / 57,51 / 50,81 / 72
TZAF 1120 FF T2,300,32855,140,27857.14285714286,171.42857142857142,40909.09090909091,119.00826446280993,1.61,84.67,78.96,75 / 49,76 / 60,75 / 66,70 / 67,66 / 66,61 / 62,56 / 57,51 / 50,81 / 72
TZAF 1120 FF T2,300,33807,132,27857.14285714286,171.42857142857142,40909.09090909091,119.00826446280993,1.57,84.67,78.96,75 / 49,76 / 60,75 / 66,70 / 67,66 / 66,61 / 62,56 / 57,51 / 50,81 / 72
TZAF 1120 FF T2,300,34848,124,27857.14285714286,171.42857142857142,40909.09090909091,119.00826446280993,1.52,84.67,78.96,75 / 49,76 / 60,75 / 66,70 / 67,66 / 66,61 / 62,56 / 57,51 / 50,81 / 72
TZAF 1120 FF T2,300,35991,116,27857.14285714286,171.42857142857142,40909.09090909091,119.00826446280993,1.47,84.67,78.96,75 / 49,76 / 60,75 / 66,70 / 67,66 / 66,61 / 62,56 / 57,51 / 50,81 / 72
TZAF 1120 FF T2,300,37254,109,27857.14285714286,171.42857142857142,40909.09090909091,119.00826446280993,1.42,84.67,78.96,75 / 49,76 / 60,75 / 66,70 / 67,66 / 66,61 / 62,56 / 57,51 / 50,81 / 72
TZAF 1120 FF T2,300,38660,101,27857.14285714286,171.42857142857142,40909.09090909091,119.00826446280993,1.37,84.67,78.96,75 / 49,76 / 60,75 / 66,70 / 67,66 / 66,61 / 62,56 / 57,51 / 50,81 / 72
TZAF 1120 FF T2,300,40239,93,27857.14285714286,171.42857142857142,40909.09090909091,119.00826446280993,1.32,84.67,78.96,75 / 49,76 / 60,75 / 66,70 / 67,66 / 66,61 / 62,56 / 57,51 / 50,81 / 72
TZAF 1120 FF T2,300,42028,85,27857.14285714286,171.42857142857142,40909.09090909091,119.00826446280993,1.26,84.67,78.96,75 / 49,76 / 60,75 / 66,70 / 67,66 / 66,61 / 62,56 / 57,51 / 50,81 / 72
TZAF 1120 FF T2,350,36364,211,32500.0,233.33333333333334,47727.27272727273,161.9834710743802,2.7,84.67,78.96,78 / 52,79 / 63,78 / 69,73 / 70,69 / 69,64 / 65,59 / 60,54 / 53,84 / 75
TZAF 1120 FF T2,350,37308,201,32500.0,233.33333333333334,47727.27272727273,161.9834710743802,2.63,84.67,78.96,78 / 52,79 / 63,78 / 69,73 / 70,69 / 69,64 / 65,59 / 60,54 / 53,84 / 75
TZAF 1120 FF T2,350,38331,190,32500.0,233.33333333333334,47727.27272727273,161.9834710743802,2.56,84.67,78.96,78 / 52,79 / 63,78 / 69,73 / 70,69 / 69,64 / 65,59 / 60,54 / 53,84 / 75
TZAF 1120 FF T2,350,39442,180,32500.0,233.33333333333334,47727.27272727273,161.9834710743802,2.49,84.67,78.96,78 / 52,79 / 63,78 / 69,73 / 70,69 / 69,64 / 65,59 / 60,54 / 53,84 / 75
TZAF 1120 FF T2,350,40656,169,32500.0,233.33333333333334,47727.27272727273,161.9834710743802,2.42,84.67,78.96,78 / 52,79 / 63,78 / 69,73 / 70,69 / 69,64 / 65,59 / 60,54 / 53,84 / 75
TZAF 1120 FF T2,350,41989,158,32500.0,233.33333333333334,47727.27272727273,161.9834710743802,2.34,84.67,78.96,78 / 52,79 / 63,78 / 69,73 / 70,69 / 69,64 / 65,59 / 60,54 / 53,84 / 75
TZAF 1120 FF T2,350,43463,148,32500.0,233.33333333333334,47727.27272727273,161.9834710743802,2.26,84.67,78.96,78 / 52,79 / 63,78 / 69,73 / 70,69 / 69,64 / 65,59 / 60,54 / 53,84 / 75
TZAF 1120 FF T2,350,45104,137,32500.0,233.33333333333334,47727.27272727273,161.9834710743802,2.18,84.67,78.96,78 / 52,79 / 63,78 / 69,73 / 70,69 / 69,64 / 65,59 / 60,54 / 53,84 / 75
TZAF 1120 FF T2,350,46945,127,32500.0,233.33333333333334,47727.27272727273,161.9834710743802,2.09,84.67,78.96,78 / 52,79 / 63,78 / 69,73 / 70,69 / 69,64 / 65,59 / 60,54 / 53,84 / 75
TZAF 1120 FF T2,350,49033,116,32500.0,233.33333333333334,47727.27272727273,161.9834710743802,2.0,84.67,78.96,78 / 52,79 / 63,78 / 69,73 / 70,69 / 69,64 / 65,59 / 60,54 / 53,84 / 75
TZAF 1120 FF T2,400,41558,276,37142.857142857145,304.76190476190476,54545.45454545455,211.5702479338843,4.03,84.67,78.96,81 / 55,82 / 66,81 / 72,76 / 73,72 / 72,67 / 68,62 / 63,57 / 56,87 / 78
TZAF 1120 FF T2,400,42638,262,37142.857142857145,304.76190476190476,54545.45454545455,211.5702479338843,3.93,84.67,78.96,81 / 55,82 / 66,81 / 72,76 / 73,72 / 72,67 / 68,62 / 63,57 / 56,87 / 78
TZAF 1120 FF T2,400,43806,248,37142.857142857145,304.76190476190476,54545.45454545455,211.5702479338843,3.83,84.67,78.96,81 / 55,82 / 66,81 / 72,76 / 73,72 / 72,67 / 68,62 / 63,57 / 56,87 / 78
TZAF 1120 FF T2,400,45076,234,37142.857142857145,304.76190476190476,54545.45454545455,211.5702479338843,3.72,84.67,78.96,81 / 55,82 / 66,81 / 72,76 / 73,72 / 72,67 / 68,62 / 63,57 / 56,87 / 78
TZAF 1120 FF T2,400,46464,221,37142.857142857145,304.76190476190476,54545.45454545455,211.5702479338843,3.61,84.67,78.96,81 / 55,82 / 66,81 / 72,76 / 73,72 / 72,67 / 68,62 / 63,57 / 56,87 / 78
TZAF 1120 FF T2,400,47988,207,37142.857142857145,304.76190476190476,54545.45454545455,211.5702479338843,3.49,84.67,78.96,81 / 55,82 / 66,81 / 72,76 / 73,72 / 72,67 / 68,62 / 63,57 / 56,87 / 78
TZAF 1120 FF T2,400,49672,193,37142.857142857145,304.76190476190476,54545.45454545455,211.5702479338843,3.37,84.67,78.96,81 / 55,82 / 66,81 / 72,76 / 73,72 / 72,67 / 68,62 / 63,57 / 56,87 / 78
TZAF 1120 FF T2,400,51547,179,37142.857142857145,304.76190476190476,54545.45454545455,211.5702479338843,3.25,84.67,78.96,81 / 55,82 / 66,81 / 72,76 / 73,72 / 72,67 / 68,62 / 63,57 / 56,87 / 78
TZAF 1120 FF T2,400,53652,166,37142.857142857145,304.76190476190476,54545.45454545455,211.5702479338843,3.12,84.67,78.96,81 / 55,82 / 66,81 / 72,76 / 73,72 / 72,67 / 68,62 / 63,57 / 56,87 / 78
TZAF 1120 FF T2,400,56037,152,37142.857142857145,304.76190476190476,54545.45454545455,211.5702479338843,2.99,84.67,78.96,81 / 55,82 / 66,81 / 72,76 / 73,72 / 72,67 / 68,62 / 63,57 / 56,87 / 78
TZAF 1120 FF T2,450,46753,349,41785.71428571429,385.7142857142857,61363.63636363637,267.7685950413223,5.74,84.67,78.96,84 / 58,85 / 69,84 / 75,79 / 76,75 / 75,70 / 71,65 / 66,60 / 59,90 / 81
TZAF 1120 FF T2,450,47968,332,41785.71428571429,385.7142857142857,61363.63636363637,267.7685950413223,5.6,84.67,78.96,84 / 58,85 / 69,84 / 75,79 / 76,75 / 75,70 / 71,65 / 66,60 / 59,90 / 81
TZAF 1120 FF T2,450,49282,314,41785.71428571429,385.7142857142857,61363.63636363637,267.7685950413223,5.45,84.67,78.96,84 / 58,85 / 69,84 / 75,79 / 76,75 / 75,70 / 71,65 / 66,60 / 59,90 / 81
TZAF 1120 FF T2,450,50711,297,41785.71428571429,385.7142857142857,61363.63636363637,267.7685950413223,5.29,84.67,78.96,84 / 58,85 / 69,84 / 75,79 / 76,75 / 75,70 / 71,65 / 66,60 / 59,90 / 81
TZAF 1120 FF T2,450,52272,279,41785.71428571429,385.7142857142857,61363.63636363637,267.7685950413223,5.14,84.67,78.96,84 / 58,85 / 69,84 / 75,79 / 76,75 / 75,70 / 71,65 / 66,60 / 59,90 / 81
TZAF 1120 FF T2,450,53986,262,41785.71428571429,385.7142857142857,61363.63636363637,267.7685950413223,4.97,84.67,78.96,84 / 58,85 / 69,84 / 75,79 / 76,75 / 75,70 / 71,65 / 66,60 / 59,90 / 81
TZAF 1120 FF T2,450,55881,244,41785.71428571429,385.7142857142857,61363.63636363637,267.7685950413223,4.81,84.67,78.96,84 / 58,85 / 69,84 / 75,79 / 76,75 / 75,70 / 71,65 / 66,60 / 59,90 / 81
TZAF 1120 FF T2,450,57990,227,41785.71428571429,385.7142857142857,61363.63636363637,267.7685950413223,4.63,84.67,78.96,84 / 58,85 / 69,84 / 75,79 / 76,75 / 75,70 / 71,65 / 66,60 / 59,90 / 81
TZAF 1120 FF T2,450,60358,209,41785.71428571429,385.7142857142857,61363.63636363637,267.7685950413223,4.45,84.67,78.96,84 / 58,85 / 69,84 / 75,79 / 76,75 / 75,70 / 71,65 / 66,60 / 59,90 / 81
TZAF 1120 FF T2,450,63042,192,41785.71428571429,385.7142857142857,61363.63636363637,267.7685950413223,4.26,84.67,78.96,84 / 58,85 / 69,84 / 75,79 / 76,75 / 75,70 / 71,65 / 66,60 / 59,90 / 81
TZAF 1120 FF T2,500,51948,431,46428.57142857143,476.1904761904762,68181.81818181819,330.57851239669424,7.88,84.67,78.96,86 / 60,87 / 71,86 / 77,81 / 78,77 / 77,72 / 73,67 / 68,62 / 61,92 / 83
TZAF 1120 FF T2,500,53298,409,46428.57142857143,476.1904761904762,68181.81818181819,330.57851239669424,7.68,84.67,78.96,86 / 60,87 / 71,86 / 77,81 / 78,77 / 77,72 / 73,67 / 68,62 / 61,92 / 83
TZAF 1120 FF T2,500,54758,388,46428.57142857143,476.1904761904762,68181.81818181819,330.57851239669424,7.47,84.67,78.96,86 / 60,87 / 71,86 / 77,81 / 78,77 / 77,72 / 73,67 / 68,62 / 61,92 / 83
TZAF 1120 FF T2,500,56346,366,46428.57142857143,476.1904761904762,68181.81818181819,330.57851239669424,7.26,84.67,78.96,86 / 60,87 / 71,86 / 77,81 / 78,77 / 77,72 / 73,67 / 68,62 / 61,92 / 83
TZAF 1120 FF T2,500,58080,345,46428.57142857143,476.1904761904762,68181.81818181819,330.57851239669424,7.05,84.67,78.96,86 / 60,87 / 71,86 / 77,81 / 78,77 / 77,72 / 73,67 / 68,62 / 61,92 / 83
TZAF 1120 FF T2,500,59984,323,46428.57142857143,476.1904761904762,68181.81818181819,330.57851239669424,6.82,84.67,78.96,86 / 60,87 / 71,86 / 77,81 / 78,77 / 77,72 / 73,67 / 68,62 / 61,92 / 83
TZAF 1120 FF T2,500,62090,302,46428.57142857143,476.1904761904762,68181.81818181819,330.57851239669424,6.59,84.67,78.96,86 / 60,87 / 71,86 / 77,81 / 78,77 / 77,72 / 73,67 / 68,62 / 61,92 / 83
TZAF 1120 FF T2,500,64434,280,46428.57142857143,476.1904761904762,68181.81818181819,330.57851239669424,6.35,84.67,78.96,86 / 60,87 / 71,86 / 77,81 / 78,77 / 77,72 / 73,67 / 68,62 / 61,92 / 83
TZAF 1120 FF T2,500,67065,259,46428.57142857143,476.1904761904762,68181.81818181819,330.57851239669424,6.1,84.67,78.96,86 / 60,87 / 71,86 / 77,81 / 78,77 / 77,72 / 73,67 / 68,62 / 61,92 / 83
TZAF 1120 FF T2,500,70047,237,46428.57142857143,476.1904761904762,68181.81818181819,330.57851239669424,5.84,84.67,78.96,86 / 60,87 / 71,86 / 77,81 / 78,77 / 77,72 / 73,67 / 68,62 / 61,92 / 83
TZAF 1120 FF T2,550,57143,522,51071.42857142857,576.1904761904761,75000.0,400.00000000000006,10.49,84.67,78.96,88 / 62,89 / 73,88 / 79,83 / 80,79 / 79,74 / 75,69 / 70,64 / 63,94 / 85
TZAF 1120 FF T2,550,58627,495,51071.42857142857,576.1904761904761,75000.0,400.00000000000006,10.22,84.67,78.96,88 / 62,89 / 73,88 / 79,83 / 80,79 / 79,74 / 75,69 / 70,64 / 63,94 / 85
TZAF 1120 FF T2,550,60234,469,51071.42857142857,576.1904761904761,75000.0,400.00000000000006,9.95,84.67,78.96,88 / 62,89 / 73,88 / 79,83 / 80,79 / 79,74 / 75,69 / 70,64 / 63,94 / 85
TZAF 1120 FF T2,550,61980,443,51071.42857142857,576.1904761904761,75000.0,400.00000000000006,9.67,84.67,78.96,88 / 62,89 / 73,88 / 79,83 / 80,79 / 79,74 / 75,69 / 70,64 / 63,94 / 85
TZAF 1120 FF T2,550,63888,417,51071.42857142857,576.1904761904761,75000.0,400.00000000000006,9.38,84.67,78.96,88 / 62,89 / 73,88 / 79,83 / 80,79 / 79,74 / 75,69 / 70,64 / 63,94 / 85
TZAF 1120 FF T2,550,65983,391,51071.42857142857,576.1904761904761,75000.0,400.00000000000006,9.08,84.67,78.96,88 / 62,89 / 73,88 / 79,83 / 80,79 / 79,74 / 75,69 / 70,64 / 63,94 / 85
TZAF 1120 FF T2,550,68299,365,51071.42857142857,576.1904761904761,75000.0,400.00000000000006,8.77,84.67,78.96,88 / 62,89 / 73,88 / 79,83 / 80,79 / 79,74 / 75,69 / 70,64 / 63,94 / 85
TZAF 1120 FF T2,550,70877,339,51071.42857142857,576.1904761904761,75000.0,400.00000000000006,8.45,84.67,78.96,88 / 62,89 / 73,88 / 79,83 / 80,79 / 79,74 / 75,69 / 70,64 / 63,94 / 85
TZAF 1120 FF T2,550,73771,313,51071.42857142857,576.1904761904761,75000.0,400.00000000000006,8.12,84.67,78.96,88 / 62,89 / 73,88 / 79,83 / 80,79 / 79,74 / 75,69 / 70,64 / 63,94 / 85
TZAF 1120 FF T2,550,77051,287,51071.42857142857,576.1904761904761,75000.0,400.00000000000006,7.78,84.67,78.96,88 / 62,89 / 73,88 / 79,83 / 80,79 / 79,74 / 75,69 / 70,64 / 63,94 / 85
TZAF 1120 FF T2,600,62338,621,55714.28571428572,685.7142857142857,81818.18181818182,476.03305785123973,13.61,84.67,78.96,90 / 64,91 / 75,90 / 81,85 / 82,81 / 81,76 / 77,71 / 72,66 / 65,96 / 87
TZAF 1120 FF T2,600,63957,590,55714.28571428572,685.7142857142857,81818.18181818182,476.03305785123973,13.27,84.67,78.96,90 / 64,91 / 75,90 / 81,85 / 82,81 / 81,76 / 77,71 / 72,66 / 65,96 / 87
TZAF 1120 FF T2,600,65710,559,55714.28571428572,685.7142857142857,81818.18181818182,476.03305785123973,12.91,84.67,78.96,90 / 64,91 / 75,90 / 81,85 / 82,81 / 81,76 / 77,71 / 72,66 / 65,96 / 87
TZAF 1120 FF T2,600,67615,528,55714.28571428572,685.7142857142857,81818.18181818182,476.03305785123973,12.55,84.67,78.96,90 / 64,91 / 75,90 / 81,85 / 82,81 / 81,76 / 77,71 / 72,66 / 65,96 / 87
TZAF 1120 FF T2,600,69696,497,55714.28571428572,685.7142857142857,81818.18181818182,476.03305785123973,12.18,84.67,78.96,90 / 64,91 / 75,90 / 81,85 / 82,81 / 81,76 / 77,71 / 72,66 / 65,96 / 87
TZAF 1120 FF T2,600,71981,466,55714.28571428572,685.7142857142857,81818.18181818182,476.03305785123973,11.79,84.67,78.96,90 / 64,91 / 75,90 / 81,85 / 82,81 / 81,76 / 77,71 / 72,66 / 65,96 / 87
TZAF 1120 FF T2,600,74508,434,55714.28571428572,685.7142857142857,81818.18181818182,476.03305785123973,11.39,84.67,78.96,90 / 64,91 / 75,90 / 81,85 / 82,81 / 81,76 / 77,71 / 72,66 / 65,96 / 87
TZAF 1120 FF T2,600,77320,403,55714.28571428572,685.7142857142857,81818.18181818182,476.03305785123973,10.98,84.67,78.96,90 / 64,91 / 75,90 / 81,85 / 82,81 / 81,76 / 77,71 / 72,66 / 65,96 / 87
TZAF 1120 FF T2,600,80478,372,55714.28571428572,685.7142857142857,81818.18181818182,476.03305785123973,10.55,84.67,78.96,90 / 64,91 / 75,90 / 81,85 / 82,81 / 81,76 / 77,71 / 72,66 / 65,96 / 87
TZAF 1120 FF T2,600,84056,341,55714.28571428572,685.7142857142857,81818.18181818182,476.03305785123973,10.1,84.67,78.96,90 / 64,91 / 75,90 / 81,85 / 82,81 / 81,76 / 77,71 / 72,66 / 65,96 / 87
TZAF 1120 FF T2,650,67532,728,60357.14285714286,804.7619047619048,88636.36363636365,558.6776859504133,17.31,84.67,78.96,92 / 66,93 / 77,92 / 83,87 / 84,83 / 83,78 / 79,73 / 74,68 / 67,98 / 89
TZAF 1120 FF T2,650,69287,692,60357.14285714286,804.7619047619048,88636.36363636365,558.6776859504133,16.87,84.67,78.96,92 / 66,93 / 77,92 / 83,87 / 84,83 / 83,78 / 79,73 / 74,68 / 67,98 / 89
TZAF 1120 FF T2,650,71185,656,60357.14285714286,804.7619047619048,88636.36363636365,558.6776859504133,16.42,84.67,78.96,92 / 66,93 / 77,92 / 83,87 / 84,83 / 83,78 / 79,73 / 74,68 / 67,98 / 89
TZAF 1120 FF T2,650,73249,619,60357.14285714286,804.7619047619048,88636.36363636365,558.6776859504133,15.96,84.67,78.96,92 / 66,93 / 77,92 / 83,87 / 84,83 / 83,78 / 79,73 / 74,68 / 67,98 / 89
TZAF 1120 FF T2,650,75504,583,60357.14285714286,804.7619047619048,88636.36363636365,558.6776859504133,15.48,84.67,78.96,92 / 66,93 / 77,92 / 83,87 / 84,83 / 83,78 / 79,73 / 74,68 / 67,98 / 89
TZAF 1120 FF T2,650,77980,546,60357.14285714286,804.7619047619048,88636.36363636365,558.6776859504133,14.99,84.67,78.96,92 / 66,93 / 77,92 / 83,87 / 84,83 / 83,78 / 79,73 / 74,68 / 67,98 / 89
TZAF 1120 FF T2,650,80717,510,60357.14285714286,804.7619047619048,88636.36363636365,558.6776859504133,14.48,84.67,78.96,92 / 66,93 / 77,92 / 83,87 / 84,83 / 83,78 / 79,73 / 74,68 / 67,98 / 89
TZAF 1120 FF T2,650,83764,473,60357.14285714286,804.7619047619048,88636.36363636365,558.6776859504133,13.95,84.67,78.96,92 / 66,93 / 77,92 / 83,87 / 84,83 / 83,78 / 79,73 / 74,68 / 67,98 / 89
TZAF 1120 FF T2,650,87184,437,60357.14285714286,804.7619047619048,88636.36363636365,558.6776859504133,13.41,84.67,78.96,92 / 66,93 / 77,92 / 83,87 / 84,83 / 83,78 / 79,73 / 74,68 / 67,98 / 89
TZAF 1120 FF T2,650,91061,401,60357.14285714286,804.7619047619048,88636.36363636365,558.6776859504133,12.84,84.67,78.96,92 / 66,93 / 77,92 / 83,87 / 84,83 / 83,78 / 79,73 / 74,68 / 67,98 / 89
TZAF 1120 FF T2,700,72727,845,65000.0,933.3333333333334,95454.54545454546,647.9338842975208,21.62,84.67,78.96,93 / 67,94 / 78,93 / 84,88 / 85,84 / 84,79 / 80,74 / 75,69 / 68,99 / 90
TZAF 1120 FF T2,700,74617,803,65000.0,933.3333333333334,95454.54545454546,647.9338842975208,21.07,84.67,78.96,93 / 67,94 / 78,93 / 84,88 / 85,84 / 84,79 / 80,74 / 75,69 / 68,99 / 90
TZAF 1120 FF T2,700,76661,760,65000.0,933.3333333333334,95454.54545454546,647.9338842975208,20.51,84.67,78.96,93 / 67,94 / 78,93 / 84,88 / 85,84 / 84,79 / 80,74 / 75,69 / 68,99 / 90
TZAF 1120 FF T2,700,78884,718,65000.0,933.3333333333334,95454.54545454546,647.9338842975208,19.93,84.67,78.96,93 / 67,94 / 78,93 / 84,88 / 85,84 / 84,79 / 80,74 / 75,69 / 68,99 / 90
TZAF 1120 FF T2,700,81312,676,65000.0,933.3333333333334,95454.54545454546,647.9338842975208,19.34,84.67,78.96,93 / 67,94 / 78,93 / 84,88 / 85,84 / 84,79 / 80,74 / 75,69 / 68,99 / 90
TZAF 1120 FF T2,700,83978,634,65000.0,933.3333333333334,95454.54545454546,647.9338842975208,18.72,84.67,78.96,93 / 67,94 / 78,93 / 84,88 / 85,84 / 84,79 / 80,74 / 75,69 / 68,99 / 90
TZAF 1120 FF T2,700,86926,591,65000.0,933.3333333333334,95454.54545454546,647.9338842975208,18.09,84.67,78.96,93 / 67,94 / 78,93 / 84,88 / 85,84 / 84,79 / 80,74 / 75,69 / 68,99 / 90
TZAF 1120 FF T2,700,90207,549,65000.0,933.3333333333334,95454.54545454546,647.9338842975208,17.43,84.67,78.96,93 / 67,94 / 78,93 / 84,88 / 85,84 / 84,79 / 80,74 / 75,69 / 68,99 / 90
TZAF 1120 FF T2,700,93891,507,65000.0,933.3333333333334,95454.54545454546,647.9338842975208,16.75,84.67,78.96,93 / 67,94 / 78,93 / 84,88 / 85,84 / 84,79 / 80,74 / 75,69 / 68,99 / 90
TZAF 1120 FF T2,700,98065,465,65000.0,933.3333333333334,95454.54545454546,647.9338842975208,16.03,84.67,78.96,93 / 67,94 / 78,93 / 84,88 / 85,84 / 84,79 / 80,74 / 75,69 / 68,99 / 90
TZAF 1120 FF T2,750,77922,970,69642.85714285714,1071.4285714285713,102272.72727272728,743.8016528925621,26.59,84.67,78.96,95 / 69,96 / 80,95 / 86,90 / 87,86 / 86,81 / 82,76 / 77,71 / 70,101 / 92
TZAF 1120 FF T2,750,79946,921,69642.85714285714,1071.4285714285713,102272.72727272728,743.8016528925621,25.92,84.67,78.96,95 / 69,96 / 80,95 / 86,90 / 87,86 / 86,81 / 82,76 / 77,71 / 70,101 / 92
TZAF 1120 FF T2,750,82137,873,69642.85714285714,1071.4285714285713,102272.72727272728,743.8016528925621,25.22,84.67,78.96,95 / 69,96 / 80,95 / 86,90 / 87,86 / 86,81 / 82,76 / 77,71 / 70,101 / 92
TZAF 1120 FF T2,750,84518,824,69642.85714285714,1071.4285714285713,102272.72727272728,743.8016528925621,24.51,84.67,78.96,95 / 69,96 / 80,95 / 86,90 / 87,86 / 86,81 / 82,76 / 77,71 / 70,101 / 92
TZAF 1120 FF T2,750,87120,776,69642.85714285714,1071.4285714285713,102272.72727272728,743.8016528925621,23.78,84.67,78.96,95 / 69,96 / 80,95 / 86,90 / 87,86 / 86,81 / 82,76 / 77,71 / 70,101 / 92
TZAF 1120 FF T2,750,89977,727,69642.85714285714,1071.4285714285713,102272.72727272728,743.8016528925621,23.03,84.67,78.96,95 / 69,96 / 80,95 / 86,90 / 87,86 / 86,81 / 82,76 / 77,71 / 70,101 / 92
TZAF 1120 FF T2,750,93135,679,69642.85714285714,1071.4285714285713,102272.72727272728,743.8016528925621,22.25,84.67,78.96,95 / 69,96 / 80,95 / 86,90 / 87,86 / 86,81 / 82,76 / 77,71 / 70,101 / 92
TZAF 1120 FF T2,750,96650,630,69642.85714285714,1071.4285714285713,102272.72727272728,743.8016528925621,21.44,84.67,78.96,95 / 69,96 / 80,95 / 86,90 / 87,86 / 86,81 / 82,76 / 77,71 / 70,101 / 92
TZAF 1120 FF T2,750,100597,582,69642.85714285714,1071.4285714285713,102272.72727272728,743.8016528925621,20.6,84.67,78.96,95 / 69,96 / 80,95 / 86,90 / 87,86 / 86,81 / 82,76 / 77,71 / 70,101 / 92
TZAF 1120 FF T2,750,105070,533,69642.85714285714,1071.4285714285713,102272.72727272728,743.8016528925621,19.72,84.67,78.96,95 / 69,96 / 80,95 / 86,90 / 87,86 / 86,81 / 82,76 / 77,71 / 70,101 / 92
TZAF 1120 FF T2,800,83117,1103,74285.71428571429,1219.047619047619,109090.9090909091,846.2809917355372,32.27,84.67,78.96,96 / 70,97 / 81,96 / 87,91 / 88,87 / 87,82 / 83,77 / 78,72 / 71,102 / 93
TZAF 1120 FF T2,800,85276,1048,74285.71428571429,1219.047619047619,109090.9090909091,846.2809917355372,31.45,84.67,78.96,96 / 70,97 / 81,96 / 87,91 / 88,87 / 87,82 / 83,77 / 78,72 / 71,102 / 93
TZAF 1120 FF T2,800,87613,993,74285.71428571429,1219.047619047619,109090.9090909091,846.2809917355372,30.61,84.67,78.96,96 / 70,97 / 81,96 / 87,91 / 88,87 / 87,82 / 83,77 / 78,72 / 71,102 / 93
TZAF 1120 FF T2,800,90153,938,74285.71428571429,1219.047619047619,109090.9090909091,846.2809917355372,29.75,84.67,78.96,96 / 70,97 / 81,96 / 87,91 / 88,87 / 87,82 / 83,77 / 78,72 / 71,102 / 93
TZAF 1120 FF T2,800,92928,883,74285.71428571429,1219.047619047619,109090.9090909091,846.2809917355372,28.86,84.67,78.96,96 / 70,97 / 81,96 / 87,91 / 88,87 / 87,82 / 83,77 / 78,72 / 71,102 / 93
TZAF 1120 FF T2,800,95975,828,74285.71428571429,1219.047619047619,109090.9090909091,846.2809917355372,27.95,84.67,78.96,96 / 70,97 / 81,96 / 87,91 / 88,87 / 87,82 / 83,77 / 78,72 / 71,102 / 93
TZAF 1120 FF T2,800,99344,772,74285.71428571429,1219.047619047619,109090.9090909091,846.2809917355372,27.0,84.67,78.96,96 / 70,97 / 81,96 / 87,91 / 88,87 / 87,82 / 83,77 / 78,72 / 71,102 / 93
TZAF 1120 FF T2,800,103094,717,74285.71428571429,1219.047619047619,109090.9090909091,846.2809917355372,26.02,84.67,78.96,96 / 70,97 / 81,96 / 87,91 / 88,87 / 87,82 / 83,77 / 78,72 / 71,102 / 93
TZAF 1120 FF T2,800,107303,662,74285.71428571429,1219.047619047619,109090.9090909091,846.2809917355372,25.0,84.67,78.96,96 / 70,97 / 81,96 / 87,91 / 88,87 / 87,82 / 83,77 / 78,72 / 71,102 / 93
TZAF 1120 FF T2,800,112075,607,74285.71428571429,1219.047619047619,109090.9090909091,846.2809917355372,23.93,84.67,78.96,96 / 70,97 / 81,96 / 87,91 / 88,87 / 87,82 / 83,77 / 78,72 / 71,102 / 93
TZAF 1120 FF T2,850,88312,1246,78928.57142857143,1376.1904761904761,115909.09090909091,955.3719008264463,38.71,84.67,78.96,97 / 71,98 / 82,97 / 88,92 / 89,88 / 88,83 / 84,78 / 79,73 / 72,103 / 94
TZAF 1120 FF T2,850,90606,1183,78928.57142857143,1376.1904761904761,115909.09090909091,955.3719008264463,37.73,84.67,78.96,97 / 71,98 / 82,97 / 88,92 / 89,88 / 88,83 / 84,78 / 79,73 / 72,103 / 94
TZAF 1120 FF T2,850,93089,1121,78928.57142857143,1376.1904761904761,115909.09090909091,955.3719008264463,36.72,84.67,78.96,97 / 71,98 / 82,97 / 88,92 / 89,88 / 88,83 / 84,78 / 79,73 / 72,103 / 94
TZAF 1120 FF T2,850,95787,1059,78928.57142857143,1376.1904761904761,115909.09090909091,955.3719008264463,35.68,84.67,78.96,97 / 71,98 / 82,97 / 88,92 / 89,88 / 88,83 / 84,78 / 79,73 / 72,103 / 94
TZAF 1120 FF T2,850,98735,997,78928.57142857143,1376.1904761904761,115909.09090909091,955.3719008264463,34.62,84.67,78.96,97 / 71,98 / 82,97 / 88,92 / 89,88 / 88,83 / 84,78 / 79,73 / 72,103 / 94
TZAF 1120 FF T2,850,101974,934,78928.57142857143,1376.1904761904761,115909.09090909091,955.3719008264463,33.52,84.67,78.96,97 / 71,98 / 82,97 / 88,92 / 89,88 / 88,83 / 84,78 / 79,73 / 72,103 / 94
TZAF 1120 FF T2,850,105553,872,78928.57142857143,1376.1904761904761,115909.09090909091,955.3719008264463,32.38,84.67,78.96,97 / 71,98 / 82,97 / 88,92 / 89,88 / 88,83 / 84,78 / 79,73 / 72,103 / 94
TZAF 1120 FF T2,850,109537,810,78928.57142857143,1376.1904761904761,115909.09090909091,955.3719008264463,31.21,84.67,78.96,97 / 71,98 / 82,97 / 88,92 / 89,88 / 88,83 / 84,78 / 79,73 / 72,103 / 94
TZAF 1120 FF T2,850,114010,747,78928.57142857143,1376.1904761904761,115909.09090909091,955.3719008264463,29.98,84.67,78.96,97 / 71,98 / 82,97 / 88,92 / 89,88 / 88,83 / 84,78 / 79,73 / 72,103 / 94
TZAF 1120 FF T2,850,119079,685,78928.57142857143,1376.1904761904761,115909.09090909091,955.3719008264463,28.7,84.67,78.96,97 / 71,98 / 82,97 / 88,92 / 89,88 / 88,83 / 84,78 / 79,73 / 72,103 / 94
TZAF 1120 FF T2,900,93506,1397,83571.42857142858,1542.857142857143,122727.27272727274,1071.0743801652893,45.95,84.67,78.96,99 / 73,100 / 84,99 / 90,94 / 91,90 / 90,85 / 86,80 / 81,75 / 74,105 / 96
TZAF 1120 FF T2,900,95936,1327,83571.42857142858,1542.857142857143,122727.27272727274,1071.0743801652893,44.78,84.67,78.96,99 / 73,100 / 84,99 / 90,94 / 91,90 / 90,85 / 86,80 / 81,75 / 74,105 / 96
TZAF 1120 FF T2,900,98564,1257,83571.42857142858,1542.857142857143,122727.27272727274,1071.0743801652893,43.59,84.67,78.96,99 / 73,100 / 84,99 / 90,94 / 91,90 / 90,85 / 86,80 / 81,75 / 74,105 / 96
TZAF 1120 FF T2,900,101422,1187,83571.42857142858,1542.857142857143,122727.27272727274,1071.0743801652893,42.36,84.67,78.96,99 / 73,100 / 84,99 / 90,94 / 91,90 / 90,85 / 86,80 / 81,75 / 74,105 / 96
TZAF 1120 FF T2,900,104543,1117,83571.42857142858,1542.857142857143,122727.27272727274,1071.0743801652893,41.1,84.67,78.96,99 / 73,100 / 84,99 / 90,94 / 91,90 / 90,85 / 86,80 / 81,75 / 74,105 / 96
TZAF 1120 FF T2,900,107972,1047,83571.42857142858,1542.857142857143,122727.27272727274,1071.0743801652893,39.79,84.67,78.96,99 / 73,100 / 84,99 / 90,94 / 91,90 / 90,85 / 86,80 / 81,75 / 74,105 / 96
TZAF 1120 FF T2,900,111762,978,83571.42857142858,1542.857142857143,122727.27272727274,1071.0743801652893,38.44,84.67,78.96,99 / 73,100 / 84,99 / 90,94 / 91,90 / 90,85 / 86,80 / 81,75 / 74,105 / 96
TZAF 1120 FF T2,900,115981,908,83571.42857142858,1542.857142857143,122727.27272727274,1071.0743801652893,37.04,84.67,78.96,99 / 73,100 / 84,99 / 90,94 / 91,90 / 90,85 / 86,80 / 81,75 / 74,105 / 96
TZAF 1120 FF T2,900,120716,838,83571.42857142858,1542.857142857143,122727.27272727274,1071.0743801652893,35.59,84.67,78.96,99 / 73,100 / 84,99 / 90,94 / 91,90 / 90,85 / 86,80 / 81,75 / 74,105 / 96
TZAF 1120 FF T2,900,126084,768,83571.42857142858,1542.857142857143,122727.27272727274,1071.0743801652893,34.07,84.67,78.96,99 / 73,100 / 84,99 / 90,94 / 91,90 / 90,85 / 86,80 / 81,75 / 74,105 / 96
TZAF 1120 FF T2,950,98701,1556,88214.28571428572,1719.047619047619,129545.45454545456,1193.3884297520663,54.04,84.67,78.96,100 / 74,101 / 85,100 / 91,95 / 92,91 / 91,86 / 87,81 / 82,76 / 75,106 / 97
TZAF 1120 FF T2,950,101265,1478,88214.28571428572,1719.047619047619,129545.45454545456,1193.3884297520663,52.67,84.67,78.96,100 / 74,101 / 85,100 / 91,95 / 92,91 / 91,86 / 87,81 / 82,76 / 75,106 / 97
TZAF 1120 FF T2,950,104040,1400,88214.28571428572,1719.047619047619,129545.45454545456,1193.3884297520663,51.26,84.67,78.96,100 / 74,101 / 85,100 / 91,95 / 92,91 / 91,86 / 87,81 / 82,76 / 75,106 / 97
TZAF 1120 FF T2,950,107057,1323,88214.28571428572,1719.047619047619,129545.45454545456,1193.3884297520663,49.82,84.67,78.96,100 / 74,101 / 85,100 / 91,95 / 92,91 / 91,86 / 87,81 / 82,76 / 75,106 / 97
TZAF 1120 FF T2,950,110351,1245,88214.28571428572,1719.047619047619,129545.45454545456,1193.3884297520663,48.33,84.67,78.96,100 / 74,101 / 85,100 / 91,95 / 92,91 / 91,86 / 87,81 / 82,76 / 75,106 / 97
TZAF 1120 FF T2,950,113970,1167,88214.28571428572,1719.047619047619,129545.45454545456,1193.3884297520663,46.8,84.67,78.96,100 / 74,101 / 85,100 / 91,95 / 92,91 / 91,86 / 87,81 / 82,76 / 75,106 / 97
TZAF 1120 FF T2,950,117971,1089,88214.28571428572,1719.047619047619,129545.45454545456,1193.3884297520663,45.21,84.67,78.96,100 / 74,101 / 85,100 / 91,95 / 92,91 / 91,86 / 87,81 / 82,76 / 75,106 / 97
TZAF 1120 FF T2,950,122424,1011,88214.28571428572,1719.047619047619,129545.45454545456,1193.3884297520663,43.57,84.67,78.96,100 / 74,101 / 85,100 / 91,95 / 92,91 / 91,86 / 87,81 / 82,76 / 75,106 / 97
TZAF 1120 FF T2,950,127423,934,88214.28571428572,1719.047619047619,129545.45454545456,1193.3884297520663,41.86,84.67,78.96,100 / 74,101 / 85,100 / 91,95 / 92,91 / 91,86 / 87,81 / 82,76 / 75,106 / 97
TZAF 1120 FF T2,950,133089,856,88214.28571428572,1719.047619047619,129545.45454545456,1193.3884297520663,40.07,84.67,78.96,100 / 74,101 / 85,100 / 91,95 / 92,91 / 91,86 / 87,81 / 82,76 / 75,106 / 97
TZAF 1120 FF T2,1000,103896,1724,92857.14285714286,1904.7619047619048,136363.63636363638,1322.314049586777,63.03,84.67,78.96,101 / 75,102 / 86,101 / 92,96 / 93,92 / 92,87 / 88,82 / 83,77 / 76,107 / 98
TZAF 1120 FF T2,1000,106595,1638,92857.14285714286,1904.7619047619048,136363.63636363638,1322.314049586777,61.43,84.67,78.96,101 / 75,102 / 86,101 / 92,96 / 93,92 / 92,87 / 88,82 / 83,77 / 76,107 / 98
TZAF 1120 FF T2,1000,109516,1552,92857.14285714286,1904.7619047619048,136363.63636363638,1322.314049586777,59.79,84.67,78.96,101 / 75,102 / 86,101 / 92,96 / 93,92 / 92,87 / 88,82 / 83,77 / 76,107 / 98
TZAF 1120 FF T2,1000,112691,1465,92857.14285714286,1904.7619047619048,136363.63636363638,1322.314049586777,58.11,84.67,78.96,101 / 75,102 / 86,101 / 92,96 / 93,92 / 92,87 / 88,82 / 83,77 / 76,107 / 98
TZAF 1120 FF T2,1000,116159,1379,92857.14285714286,1904.7619047619048,136363.63636363638,1322.314049586777,56.37,84.67,78.96,101 / 75,102 / 86,101 / 92,96 / 93,92 / 92,87 / 88,82 / 83,77 / 76,107 / 98
TZAF 1120 FF T2,1000,119969,1293,92857.14285714286,1904.7619047619048,136363.63636363638,1322.314049586777,54.58,84.67,78.96,101 / 75,102 / 86,101 / 92,96 / 93,92 / 92,87 / 88,82 / 83,77 / 76,107 / 98
TZAF 1120 FF T2,1000,124180,1207,92857.14285714286,1904.7619047619048,136363.63636363638,1322.314049586777,52.73,84.67,78.96,101 / 75,102 / 86,101 / 92,96 / 93,92 / 92,87 / 88,82 / 83,77 / 76,107 / 98
TZAF 1120 FF T2,1000,128867,1121,92857.14285714286,1904.7619047619048,136363.63636363638,1322.314049586777,50.81,84.67,78.96,101 / 75,102 / 86,101 / 92,96 / 93,92 / 92,87 / 88,82 / 83,77 / 76,107 / 98
TZAF 1120 FF T2,1000,134129,1034,92857.14285714286,1904.7619047619048,136363.63636363638,1322.314049586777,48.82,84.67,78.96,101 / 75,102 / 86,101 / 92,96 / 93,92 / 92,87 / 88,82 / 83,77 / 76,107 / 98
TZAF 1120 FF T2,1000,140093,948,92857.14285714286,1904.7619047619048,136363.63636363638,1322.314049586777,46.74,84.67,78.96,101 / 75,102 / 86,101 / 92,96 / 93,92 / 92,87 / 88,82 / 83,77 / 76,107 / 98
TZAF 1120 FF T2,1050,109091,1901,97500.0,2100.0,143181.8181818182,1457.8512396694216,72.96,84.67,78.96,102 / 76,103 / 87,102 / 93,97 / 94,93 / 93,88 / 89,83 / 84,78 / 77,108 / 99
TZAF 1120 FF T2,1050,111925,1806,97500.0,2100.0,143181.8181818182,1457.8512396694216,71.11,84.67,78.96,102 / 76,103 / 87,102 / 93,97 / 94,93 / 93,88 / 89,83 / 84,78 / 77,108 / 99
TZAF 1120 FF T2,1050,114992,1711,97500.0,2100.0,143181.8181818182,1457.8512396694216,69.22,84.67,78.96,102 / 76,103 / 87,102 / 93,97 / 94,93 / 93,88 / 89,83 / 84,78 / 77,108 / 99
TZAF 1120 FF T2,1050,118326,1616,97500.0,2100.0,143181.8181818182,1457.8512396694216,67.27,84.67,78.96,102 / 76,103 / 87,102 / 93,97 / 94,93 / 93,88 / 89,83 / 84,78 / 77,108 / 99
TZAF 1120 FF T2,1050,121967,1521,97500.0,2100.0,143181.8181818182,1457.8512396694216,65.26,84.67,78.96,102 / 76,103 / 87,102 / 93,97 / 94,93 / 93,88 / 89,83 / 84,78 / 77,108 / 99
TZAF 1120 FF T2,1050,125967,1426,97500.0,2100.0,143181.8181818182,1457.8512396694216,63.19,84.67,78.96,102 / 76,103 / 87,102 / 93,97 / 94,93 / 93,88 / 89,83 / 84,78 / 77,108 / 99
TZAF 1120 FF T2,1050,130389,1331,97500.0,2100.0,143181.8181818182,1457.8512396694216,61.04,84.67,78.96,102 / 76,103 / 87,102 / 93,97 / 94,93 / 93,88 / 89,83 / 84,78 / 77,108 / 99
TZAF 1120 FF T2,1050,135311,1236,97500.0,2100.0,143181.8181818182,1457.8512396694216,58.82,84.67,78.96,102 / 76,103 / 87,102 / 93,97 / 94,93 / 93,88 / 89,83 / 84,78 / 77,108 / 99
TZAF 1120 FF T2,1050,140836,1140,97500.0,2100.0,143181.8181818182,1457.8512396694216,56.51,84.67,78.96,102 / 76,103 / 87,102 / 93,97 / 94,93 / 93,88 / 89,83 / 84,78 / 77,108 / 99
TZAF 1120 FF T2,1050,147098,1045,97500.0,2100.0,143181.8181818182,1457.8512396694216,54.11,84.67,78.96,102 / 76,103 / 87,102 / 93,97 / 94,93 / 93,88 / 89,83 / 84,78 / 77,108 / 99
TZAF 1120 FF T2,1100,114286,2086,102142.85714285714,2304.7619047619046,150000.0,1600.0000000000002,83.89,84.67,78.96,103 / 77,104 / 88,103 / 94,98 / 95,94 / 94,89 / 90,84 / 85,79 / 78,109 / 100
TZAF 1120 FF T2,1100,117255,1982,102142.85714285714,2304.7619047619046,150000.0,1600.0000000000002,81.76,84.67,78.96,103 / 77,104 / 88,103 / 94,98 / 95,94 / 94,89 / 90,84 / 85,79 / 78,109 / 100
TZAF 1120 FF T2,1100,120468,1878,102142.85714285714,2304.7619047619046,150000.0,1600.0000000000002,79.58,84.67,78.96,103 / 77,104 / 88,103 / 94,98 / 95,94 / 94,89 / 90,84 / 85,79 / 78,109 / 100
TZAF 1120 FF T2,1100,123960,1773,102142.85714285714,2304.7619047619046,150000.0,1600.0000000000002,77.34,84.67,78.96,103 / 77,104 / 88,103 / 94,98 / 95,94 / 94,89 / 90,84 / 85,79 / 78,109 / 100
TZAF 1120 FF T2,1100,127775,1669,102142.85714285714,2304.7619047619046,150000.0,1600.0000000000002,75.03,84.67,78.96,103 / 77,104 / 88,103 / 94,98 / 95,94 / 94,89 / 90,84 / 85,79 / 78,109 / 100
TZAF 1120 FF T2,1100,131966,1565,102142.85714285714,2304.7619047619046,150000.0,1600.0000000000002,72.65,84.67,78.96,103 / 77,104 / 88,103 / 94,98 / 95,94 / 94,89 / 90,84 / 85,79 / 78,109 / 100
TZAF 1120 FF T2,1100,136598,1460,102142.85714285714,2304.7619047619046,150000.0,1600.0000000000002,70.19,84.67,78.96,103 / 77,104 / 88,103 / 94,98 / 95,94 / 94,89 / 90,84 / 85,79 / 78,109 / 100
TZAF 1120 FF T2,1100,141754,1356,102142.85714285714,2304.7619047619046,150000.0,1600.0000000000002,67.63,84.67,78.96,103 / 77,104 / 88,103 / 94,98 / 95,94 / 94,89 / 90,84 / 85,79 / 78,109 / 100
TZAF 1120 FF T2,1100,147542,1252,102142.85714285714,2304.7619047619046,150000.0,1600.0000000000002,64.98,84.67,78.96,103 / 77,104 / 88,103 / 94,98 / 95,94 / 94,89 / 90,84 / 85,79 / 78,109 / 100
TZAF 1120 FF T2,1100,154103,1147,102142.85714285714,2304.7619047619046,150000.0,1600.0000000000002,62.21,84.67,78.96,103 / 77,104 / 88,103 / 94,98 / 95,94 / 94,89 / 90,84 / 85,79 / 78,109 / 100
TZAF 1120 FF T2,1150,119481,2280,106785.71428571429,2519.0476190476193,156818.18181818182,1748.7603305785126,95.85,84.67,78.96,104 / 78,105 / 89,104 / 95,99 / 96,95 / 95,90 / 91,85 / 86,80 / 79,110 / 101
TZAF 1120 FF T2,1150,122584,2166,106785.71428571429,2519.0476190476193,156818.18181818182,1748.7603305785126,93.43,84.67,78.96,104 / 78,105 / 89,104 / 95,99 / 96,95 / 95,90 / 91,85 / 86,80 / 79,110 / 101
TZAF 1120 FF T2,1150,125944,2052,106785.71428571429,2519.0476190476193,156818.18181818182,1748.7603305785126,90.94,84.67,78.96,104 / 78,105 / 89,104 / 95,99 / 96,95 / 95,90 / 91,85 / 86,80 / 79,110 / 101
TZAF 1120 FF T2,1150,129595,1938,106785.71428571429,2519.0476190476193,156818.18181818182,1748.7603305785126,88.37,84.67,78.96,104 / 78,105 / 89,104 / 95,99 / 96,95 / 95,90 / 91,85 / 86,80 / 79,110 / 101
TZAF 1120 FF T2,1150,133583,1824,106785.71428571429,2519.0476190476193,156818.18181818182,1748.7603305785126,85.73,84.67,78.96,104 / 78,105 / 89,104 / 95,99 / 96,95 / 95,90 / 91,85 / 86,80 / 79,110 / 101
TZAF 1120 FF T2,1150,137964,1710,106785.71428571429,2519.0476190476193,156818.18181818182,1748.7603305785126,83.01,84.67,78.96,104 / 78,105 / 89,104 / 95,99 / 96,95 / 95,90 / 91,85 / 86,80 / 79,110 / 101
TZAF 1120 FF T2,1150,142807,1596,106785.71428571429,2519.0476190476193,156818.18181818182,1748.7603305785126,80.2,84.67,78.96,104 / 78,105 / 89,104 / 95,99 / 96,95 / 95,90 / 91,85 / 86,80 / 79,110 / 101
TZAF 1120 FF T2,1150,148197,1482,106785.71428571429,2519.0476190476193,156818.18181818182,1748.7603305785126,77.28,84.67,78.96,104 / 78,105 / 89,104 / 95,99 / 96,95 / 95,90 / 91,85 / 86,80 / 79,110 / 101
TZAF 1120 FF T2,1150,154249,1368,106785.71428571429,2519.0476190476193,156818.18181818182,1748.7603305785126,74.25,84.67,78.96,104 / 78,105 / 89,104 / 95,99 / 96,95 / 95,90 / 91,85 / 86,80 / 79,110 / 101
TZAF 1120 FF T2,1150,161107,1254,106785.71428571429,2519.0476190476193,156818.18181818182,1748.7603305785126,71.09,84.67,78.96,104 / 78,105 / 89,104 / 95,99 / 96,95 / 95,90 / 91,85 / 86,80 / 79,110 / 101
TZAF 1120 FF T2,1155,120000,2300,107250.0,2541.0,157500.0,1764.0000000000002,97.11,84.67,78.96,104 / 78,105 / 89,104 / 95,99 / 96,95 / 95,90 / 91,85 / 86,80 / 79,110 / 101
TZAF 1120 FF T2,1172,120000,2400,108828.57142857143,2616.350476190476,159818.18181818182,1816.3094214876035,100.97,84.73,79.24,104 / 78,106 / 90,104 / 96,99 / 96,95 / 95,90 / 91,85 / 86,80 / 79,110 / 101
TZAF 1120 FF T2,1200,122867,2516,111428.57142857143,2742.8571428571427,163636.36363636365,1904.132231404959,108.38,84.73,79.24,105 / 79,107 / 91,105 / 97,100 / 97,96 / 96,91 / 92,86 / 87,81 / 80,111 / 102
TZAF 1120 FF T2,1200,126059,2390,111428.57142857143,2742.8571428571427,163636.36363636365,1904.132231404959,105.64,84.73,79.24,105 / 79,107 / 91,105 / 97,100 / 97,96 / 96,91 / 92,86 / 87,81 / 80,111 / 102
TZAF 1120 FF T2,1200,129513,2264,111428.57142857143,2742.8571428571427,163636.36363636365,1904.132231404959,102.82,84.73,79.24,105 / 79,107 / 91,105 / 97,100 / 97,96 / 96,91 / 92,86 / 87,81 / 80,111 / 102
TZAF 1120 FF T2,1200,133268,2139,111428.57142857143,2742.8571428571427,163636.36363636365,1904.132231404959,99.92,84.73,79.24,105 / 79,107 / 91,105 / 97,100 / 97,96 / 96,91 / 92,86 / 87,81 / 80,111 / 102
TZAF 1120 FF T2,1200,137369,2013,111428.57142857143,2742.8571428571427,163636.36363636365,1904.132231404959,96.94,84.73,79.24,105 / 79,107 / 91,105 / 97,100 / 97,96 / 96,91 / 92,86 / 87,81 / 80,111 / 102
TZAF 1120 FF T2,1200,141874,1887,111428.57142857143,2742.8571428571427,163636.36363636365,1904.132231404959,93.86,84.73,79.24,105 / 79,107 / 91,105 / 97,100 / 97,96 / 96,91 / 92,86 / 87,81 / 80,111 / 102
TZAF 1120 FF T2,1200,146854,1761,111428.57142857143,2742.8571428571427,163636.36363636365,1904.132231404959,90.68,84.73,79.24,105 / 79,107 / 91,105 / 97,100 / 97,96 / 96,91 / 92,86 / 87,81 / 80,111 / 102
TZAF 1120 FF T2,1200,152398,1635,111428.57142857143,2742.8571428571427,163636.36363636365,1904.132231404959,87.38,84.73,79.24,105 / 79,107 / 91,105 / 97,100 / 97,96 / 96,91 / 92,86 / 87,81 / 80,111 / 102
TZAF 1120 FF T2,1200,158620,1510,111428.57142857143,2742.8571428571427,163636.36363636365,1904.132231404959,83.95,84.73,79.24,105 / 79,107 / 91,105 / 97,100 / 97,96 / 96,91 / 92,86 / 87,81 / 80,111 / 102
TZAF 1120 FF T2,1200,165674,1384,111428.57142857143,2742.8571428571427,163636.36363636365,1904.132231404959,80.38,84.73,79.24,105 / 79,107 / 91,105 / 97,100 / 97,96 / 96,91 / 92,86 / 87,81 / 80,111 / 102
TZAF 1120 FF T2,1225,125427,2622,113750.0,2858.3333333333335,167045.45454545456,1984.2975206611573,115.3,84.73,79.24,105 / 79,107 / 91,105 / 97,100 / 97,96 / 96,91 / 92,86 / 87,81 / 80,111 / 102
TZAF 1120 FF T2,1225,128685,2491,113750.0,2858.3333333333335,167045.45454545456,1984.2975206611573,112.38,84.73,79.24,105 / 79,107 / 91,105 / 97,100 / 97,96 / 96,91 / 92,86 / 87,81 / 80,111 / 102
TZAF 1120 FF T2,1225,132211,2360,113750.0,2858.3333333333335,167045.45454545456,1984.2975206611573,109.38,84.73,79.24,105 / 79,107 / 91,105 / 97,100 / 97,96 / 96,91 / 92,86 / 87,81 / 80,111 / 102
TZAF 1120 FF T2,1225,136044,2229,113750.0,2858.3333333333335,167045.45454545456,1984.2975206611573,106.3,84.73,79.24,105 / 79,107 / 91,105 / 97,100 / 97,96 / 96,91 / 92,86 / 87,81 / 80,111 / 102
TZAF 1120 FF T2,1225,140231,2098,113750.0,2858.3333333333335,167045.45454545456,1984.2975206611573,103.12,84.73,79.24,105 / 79,107 / 91,105 / 97,100 / 97,96 / 96,91 / 92,86 / 87,81 / 80,111 / 102
TZAF 1120 FF T2,1225,144830,1966,113750.0,2858.3333333333335,167045.45454545456,1984.2975206611573,99.85,84.73,79.24,105 / 79,107 / 91,105 / 97,100 / 97,96 / 96,91 / 92,86 / 87,81 / 80,111 / 102
TZAF 1120 FF T2,1225,149913,1835,113750.0,2858.3333333333335,167045.45454545456,1984.2975206611573,96.46,84.73,79.24,105 / 79,107 / 91,105 / 97,100 / 97,96 / 96,91 / 92,86 / 87,81 / 80,111 / 102
TZAF 1120 FF T2,1225,155573,1704,113750.0,2858.3333333333335,167045.45454545456,1984.2975206611573,92.96,84.73,79.24,105 / 79,107 / 91,105 / 97,100 / 97,96 / 96,91 / 92,86 / 87,81 / 80,111 / 102
TZAF 1120 FF T2,1225,161925,1573,113750.0,2858.3333333333335,167045.45454545456,1984.2975206611573,89.31,84.73,79.24,105 / 79,107 / 91,105 / 97,100 / 97,96 / 96,91 / 92,86 / 87,81 / 80,111 / 102
TZAF 1120 FF T2,1225,169125,1442,113750.0,2858.3333333333335,167045.45454545456,1984.2975206611573,85.51,84.73,79.24,105 / 79,107 / 91,105 / 97,100 / 97,96 / 96,91 / 92,86 / 87,81 / 80,111 / 102
